,ID,Name,Gender,Country,Year,Rank_1,Points_1,Rank_2,Points_2,Rank_3,Points_3,Rank_4,Points_4,Rank_5,Points_5,Rank_6,Points_6,Rank_7,Points_7,Rank_8,Points_8,Rank_9,Points_9
0,107028,OVTCHAROV Dimitrij,M,GER,2018,1,16545,1,16545,3,15465,3,15465,2,15815,3,15815,4,14465,5,14915,5,14375
1,121404,FAN Zhendong,M,CHN,2018,2,15870,2,16320,2,15645,1,16545,1,17001,1,17226,1,17001,1,17001,1,17001
2,101222,BOLL Timo,M,GER,2018,3,15165,3,15165,1,15705,2,15705,3,15655,4,15655,2,15205,3,15205,4,15025
3,115910,LIN Gaoyuan,M,CHN,2018,4,14244,4,13974,4,13974,5,14514,5,14514,5,14964,3,14964,4,15189,3,15189
4,110267,XU Xin,M,CHN,2018,5,13810,5,13810,5,13720,4,14935,4,14935,6,14935,5,13735,2,15385,2,15610
5,110729,NIWA Koki,M,JPN,2018,6,13155,6,13155,7,12840,9,12930,9,12781,9,13065,12,12466,11,12466,11,12466
6,112620,WONG Chun Ting,M,HKG,2018,7,13040,7,13040,6,12890,7,13985,7,13485,7,13485,9,12969,10,12969,9,12969
7,105649,MA Long,M,CHN,2018,7,13040,7,13040,9,11990,6,14240,6,13590,2,15840,6,13500,7,13500,6,13950
8,112062,GAUZY Simon,M,FRA,2018,9,12758,9,12758,8,12398,10,12893,12,12503,12,12503,11,12503,13,11558,13,11558
9,105926,MATSUDAIRA Kenta,M,JPN,2018,10,11835,10,11835,10,11835,14,11835,14,11655,14,11655,15,11295,19,10620,23,10103
10,123980,HARIMOTO Tomokazu,M,JPN,2018,11,11760,11,11760,12,11040,13,11940,10,12764,10,13034,8,13034,6,13584,8,13314
11,102841,FREITAS Marcos,M,POR,2018,12,11489,12,11489,13,10994,15,11264,15,10834,16,11094,16,11094,16,10744,15,11364
12,106195,MIZUTANI Jun,M,JPN,2018,13,11210,14,11210,14,10970,11,12470,13,11970,13,12285,13,11745,12,11970,12,11970
13,105197,LEE Sangsu,M,KOR,2018,14,11145,15,11145,11,11595,8,12945,8,13059,8,13284,7,13149,8,13374,7,13374
14,101820,CHUANG Chih-Yuan,M,TPE,2018,15,10823,13,11340,18,10103,16,10890,16,10810,15,11160,14,11340,14,11520,14,11520
15,100696,ASSAR Omar,M,EGY,2018,16,10504,17,10504,16,10504,17,10798,17,10728,17,10878,21,10233,23,10233,29,9469
16,115641,CALDERANO Hugo,M,BRA,2018,17,10459,16,10819,15,10930,12,12055,11,12680,11,12680,10,12680,9,13355,10,12815
17,102761,FILUS Ruwen,M,GER,2018,18,10443,20,9993,19,9834,21,10218,21,10388,21,10388,19,10343,21,10343,19,10343
18,121752,OSHIMA Yuya,M,JPN,2018,19,10398,18,10398,27,9212,29,9212,37,8171,36,8733,50,7608,32,8961,28,9568
19,112092,ARUNA Quadri,M,NGR,2018,20,10355,22,9635,22,9635,26,9884,22,10009,22,10300,20,10234,18,10684,22,10144
20,111606,FANG Bo,M,CHN,2018,21,9910,30,8650,48,6850,31,9103,32,8853,32,9303,45,7728,38,8517,39,8517
21,104379,KARLSSON Kristian,M,SWE,2018,22,9889,19,10149,17,10149,19,10644,18,10634,18,10634,22,10139,24,10139,25,9959
22,117113,YOSHIMURA Maharu,M,JPN,2018,23,9824,21,9824,20,9824,22,10142,25,9342,30,9612,26,9567,27,9681,27,9591
23,110411,YOSHIDA Masaki,M,JPN,2018,24,9435,23,9435,37,7689,32,8985,31,8985,27,9828,48,7635,57,7241,60,6878
24,108246,SAMSONOV Vladimir,M,BLR,2018,25,9429,32,8619,24,9406,37,8506,24,9866,26,9866,25,9753,54,7503,30,9393
25,105136,LEBESSON Emmanuel,M,FRA,2018,26,9224,24,9224,25,9395,28,9584,29,9084,29,9684,33,8559,37,8559,44,8199
26,109946,WALTHER Ricardo,M,GER,2018,27,9159,28,8709,41,7413,38,8202,45,7752,48,7797,53,7302,45,7911,42,8316
27,110730,UEDA Jin,M,JPN,2018,28,8745,27,8745,23,9588,25,9927,23,9927,23,10107,26,9567,28,9678,47,8081
28,101648,CHEN Chien-An,M,TPE,2018,29,8739,25,9210,28,9210,30,9210,33,8739,35,8739,31,8739,30,9342,32,9342
29,111595,JEONG Sangeun,M,KOR,2018,30,8644,31,8644,29,8994,27,9783,28,9101,28,9776,24,9776,15,10808,17,10808
30,108958,STEGER Bastian,M,GER,2018,31,8548,33,8548,21,9808,23,10090,26,9339,31,9339,32,8664,35,8664,34,8844
31,112074,FALCK Mattias,M,SWE,2018,32,8379,36,8379,31,8085,20,10338,20,10588,20,10588,18,10543,29,9643,20,10273
32,114936,JANG Woojin,M,KOR,2018,33,8355,37,8355,39,7509,41,7983,40,8042,34,8894,30,9005,22,10244,21,10244
33,113165,KOU Lei,M,UKR,2018,34,8298,26,8928,35,7869,34,8883,30,9023,33,9068,29,9068,31,9068,33,9068
34,104128,JIANG Tianyi,M,HKG,2018,35,8154,46,7614,76,5262,59,6603,73,5973,63,6648,71,5973,70,6312,72,6312
35,112409,GROTH Jonathan,M,DEN,2018,36,8147,29,8687,26,9338,18,10757,19,10592,19,10592,17,10592,20,10592,18,10797
36,111050,ROBLES Alvaro,M,ESP,2018,37,8107,39,8197,50,6778,56,6802,56,6887,56,6998,54,7273,44,7996,49,7996
37,123690,HO Kwan Kit,M,HKG,2018,38,7983,41,7983,32,7983,35,8817,34,8547,37,8592,47,7647,51,7647,54,7647
38,102380,DRINKHALL Paul,M,ENG,2018,39,7943,35,8393,46,7133,52,7190,53,6993,57,6993,57,6993,90,5136,80,5676
39,100621,APOLONIA Tiago,M,POR,2018,40,7849,34,8524,36,7690,36,8705,41,7955,40,8067,38,8292,34,8781,36,8781
40,114355,FLORE Tristan,M,FRA,2018,41,7735,44,7735,44,7249,51,7249,61,6429,80,5619,95,4719,146,3255,198,2040
41,106814,NUYTINCK Cedric,M,BEL,2018,42,7629,45,7629,38,7629,44,7629,47,7629,52,7629,55,6999,56,7248,64,6663
42,102832,FRANZISKA Patrick,M,GER,2018,43,7548,38,8268,30,8268,24,10071,27,9201,25,9936,23,9936,17,10722,16,10902
43,112580,MORIZONO Masataka,M,JPN,2018,44,7398,48,7398,57,6318,50,7296,52,6996,55,7206,56,6996,41,8334,38,8715
44,119565,LIAO Cheng-Ting,M,TPE,2018,45,7377,40,8007,43,7308,40,8007,42,7827,46,7827,36,8367,50,7668,53,7668
45,116620,DUDA Benedikt,M,GER,2018,46,7362,49,7362,42,7362,42,7971,44,7791,43,8016,35,8376,46,7857,50,7857
46,102943,GAO Ning,M,SGP,2018,47,7359,42,7899,33,7899,47,7539,60,6479,59,6929,60,6794,65,6569,67,6569
47,117890,GERASSIMENKO Kirill,M,KAZ,2018,48,7336,43,7876,34,7876,43,7969,36,8418,38,8418,34,8418,40,8418,37,8754
48,103126,GNANASEKARAN Sathiyan,M,IND,2018,49,7227,50,7227,49,6822,46,7599,46,7739,44,8009,40,8009,39,8459,40,8459
49,117357,LIM Jonghoon,M,KOR,2018,50,7218,51,7218,45,7218,33,8937,39,8061,23,10107,28,9162,25,9993,24,9993
50,104314,ACHANTA Sharath Kamal,M,IND,2018,51,7037,53,6992,70,5597,48,7454,43,7824,47,7824,43,7824,33,8838,35,8838
51,102968,GARDOS Robert,M,AUT,2018,52,7034,52,7164,54,6404,55,6873,49,7243,50,7738,46,7693,49,7693,52,7693
52,102697,FEGERL Stefan,M,AUT,2018,53,7001,47,7541,40,7496,45,7610,48,7610,51,7722,49,7609,52,7609,51,7699
53,110553,ZHANG Jike,M,CHN,2018,54,6916,54,6916,71,5566,77,5566,168,2626,102,4651,76,5708,71,6272,73,6272
54,106296,MONTEIRO Joao,M,POR,2018,55,6727,56,6727,55,6388,61,6559,63,6309,71,6219,69,6219,73,6219,75,6219
55,115546,LAM Siu Hang,M,HKG,2018,56,6684,58,6684,60,6144,68,6234,75,5814,78,5814,85,5229,83,5568,82,5568
56,119284,CHO Seungmin,M,KOR,2018,57,6660,59,6660,51,6603,49,7347,54,6987,40,8067,42,7932,55,7482,55,7482
57,103070,GHOSH Soumyajit,M,IND,2018,58,6534,61,6534,59,6174,70,6174,95,4794,108,4434,106,4434,109,4434,141,3423
58,108581,SHIBAEV Alexander,M,RUS,2018,59,6525,62,6525,61,6108,71,6108,87,5108,90,5108,87,5108,105,4545,90,5190
59,111641,DESAI Harmeet,M,IND,2018,60,6499,60,6634,66,5914,74,6028,76,5813,81,5543,79,5543,99,4724,108,4454
60,113931,DYJAS Jakub,M,POL,2018,61,6458,71,6008,77,5219,64,6458,82,5458,83,5458,81,5458,77,6022,62,6832
61,102891,GACINA Andrej,M,CRO,2018,62,6393,55,6843,52,6528,39,8106,38,8106,39,8106,39,8106,42,8106,46,8106
62,104795,KONECNY Tomas,M,CZE,2018,63,6378,79,5658,86,4992,94,4992,91,4922,98,4742,93,4742,98,4742,113,4202
63,131983,NG Pak Nam,M,HKG,2018,64,6355,63,6355,56,6355,58,6714,64,6264,68,6264,68,6220,64,6603,66,6603
64,113059,YAN An,M,CHN,2018,65,6345,106,4455,103,4455,113,4455,105,4455,95,4905,90,4905,82,5694,79,5694
65,109140,SZOCS Hunor,M,ROU,2018,66,6299,72,5989,62,5989,66,6389,93,4839,101,4659,98,4659,101,4659,89,5259
66,119588,LIANG Jingkun,M,CHN,2018,67,6270,80,5640,118,3894,124,3894,125,3894,82,5469,103,4524,62,6663,64,6663
67,108574,SHETTY Sanil,M,IND,2018,68,6236,64,6280,72,5516,84,5380,98,4660,108,4434,106,4434,163,3027,164,2757
68,109581,TSUBOI Gustavo,M,BRA,2018,69,6226,66,6226,47,7069,54,7069,35,8519,45,7979,41,7979,47,7799,45,8159
69,103345,HABESOHN Daniel,M,AUT,2018,70,6223,73,5953,64,5953,60,6562,51,7112,53,7562,51,7562,53,7562,41,8348
70,116853,KALLBERG Anton,M,SWE,2018,71,6130,57,6703,63,5971,62,6535,83,5442,77,5835,74,5835,80,5835,103,4677
71,115439,MURAMATSU Yuto,M,JPN,2018,72,6125,68,6125,87,4988,95,4988,101,4538,106,4538,175,2513,209,1950,250,1500
72,116532,PUCAR Tomislav,M,CRO,2018,73,6093,69,6093,82,5079,89,5136,84,5386,86,5296,84,5296,81,5749,77,6028
73,110673,ALAMIYAN Noshad,M,IRI,2018,74,6049,70,6049,92,4855,72,6049,59,6539,65,6539,72,5959,78,5996,94,4981
74,119794,KIZUKURI Yuto,M,JPN,2018,75,5920,74,5920,65,5920,73,6034,74,5944,84,5415,101,4587,102,4629,163,2799
75,115396,GERALDO Joao,M,POR,2018,76,5904,65,6264,75,5274,86,5274,85,5344,91,5074,97,4681,100,4681,106,4579
76,103903,IONESCU Ovidiu,M,ROU,2018,77,5839,67,6130,58,6175,57,6784,71,6034,64,6619,62,6619,63,6619,59,6889
77,112436,ROBINOT Quentin,M,FRA,2018,78,5805,76,5805,83,5070,99,4770,88,5070,96,4890,91,4890,96,4890,93,5070
78,112442,PITCHFORD Liam,M,ENG,2018,79,5804,85,5264,53,6419,65,6419,58,6749,49,7769,44,7769,48,7769,31,9389
79,114718,WALKER Samuel,M,ENG,2018,80,5636,81,5636,91,4901,96,4901,94,4811,112,4328,110,4328,111,4328,99,4781
80,118927,JORGIC Darko,M,SLO,2018,81,5541,78,5721,69,5721,76,5765,78,5761,67,6300,66,6300,69,6320,58,6905
81,116612,AKKUZU Can,M,FRA,2018,82,5538,82,5538,97,4683,90,5124,81,5664,79,5664,77,5664,67,6453,81,5598
82,108204,SALIFOU Abdel-Kader,M,FRA,2018,83,5494,83,5494,137,3412,106,4594,103,4504,104,4594,100,4594,104,4594,105,4594
83,107312,PERSSON Jon,M,SWE,2018,84,5489,75,5849,67,5849,63,6517,68,6167,58,6967,58,6967,58,6967,63,6752
84,123962,YOSHIMURA Kazuhiro,M,JPN,2018,85,5426,84,5426,74,5426,81,5516,106,4447,75,5841,82,5403,74,6135,71,6315
85,107445,PISTEJ Lubomir,M,SVK,2018,86,5359,93,4966,88,4966,78,5563,62,6318,66,6318,65,6318,59,6927,61,6837
86,100001,ANTHONY Amalraj,M,IND,2018,87,5293,77,5776,89,4933,83,5407,104,4461,135,3696,131,3696,156,3144,149,3144
87,115927,PAK Sin Hyok,M,PRK,2018,88,5193,86,5193,78,5193,87,5193,147,3213,150,3213,115,4113,95,4902,137,3499
88,113340,TAZOE Kenta,M,JPN,2018,89,5187,87,5187,79,5187,88,5187,100,4557,92,5007,143,3242,144,3284,307,1094
89,116021,JHA Kanak,M,USA,2018,90,5168,88,5168,73,5445,82,5445,72,5986,72,6166,64,6346,68,6346,70,6346
90,110726,OLAH Benedek,M,FIN,2018,91,5110,90,5110,81,5110,91,5110,90,4945,94,4945,89,4945,93,4945,92,5125
91,106050,MENGEL Steffen,M,GER,2018,92,5101,115,4168,180,2422,186,2422,349,912,358,912,658,237,665,237,617,252
92,109459,TOKIC Bojan,M,SLO,2018,93,5049,99,4689,117,3900,111,4484,70,6114,61,6789,61,6789,61,6789,56,7329
93,112735,WANG Yang,M,SVK,2018,94,4971,109,4386,101,4497,110,4497,66,6230,70,6230,78,5567,84,5567,69,6500
94,103107,GIONIS Panagiotis,M,GRE,2018,95,4910,91,5090,68,5780,67,6344,50,7134,69,6234,67,6234,72,6234,74,6234
95,112035,ALAMIAN Nima,M,IRI,2018,96,4786,95,4831,94,4831,79,5550,69,6159,73,6159,70,6069,75,6069,84,5496
96,113243,SIRUCEK Pavel,M,CZE,2018,97,4765,97,4735,95,4735,85,5317,67,6190,75,5841,73,5841,79,5841,76,6189
97,111791,KIM Minseok,M,KOR,2018,98,4716,98,4716,133,3477,139,3477,209,2037,208,2037,401,687,388,744,381,744
98,111020,LORENTZ Romain,M,FRA,2018,99,4684,111,4279,106,4279,115,4291,121,3975,121,3975,152,3140,157,3140,175,2525
99,105679,MADRID Marcos,M,MEX,2018,100,4642,119,4057,112,4057,119,4114,126,3883,128,3883,125,3883,107,4458,101,4728
100,104257,JEOUNG Youngsik,M,KOR,2018,101,4582,102,4582,90,4919,53,7103,55,6960,42,8028,37,8298,26,9717,26,9717
101,109865,VLASOV Grigory,M,RUS,2018,102,4580,94,4850,93,4850,104,4670,131,3740,143,3470,136,3470,139,3470,129,3740
102,113419,JOUTI Eric,M,BRA,2018,103,4556,92,5006,85,5006,98,4838,79,5732,85,5362,80,5506,87,5326,83,5550
103,114709,LAMBIET Florent,M,BEL,2018,104,4535,103,4535,99,4535,109,4535,86,5235,88,5279,94,4739,86,5348,86,5348
104,113336,KIM Donghyun,M,KOR,2018,105,4512,104,4512,100,4512,69,6213,80,5730,62,6753,83,5325,66,6507,68,6507
105,111683,GOMEZ Gustavo,M,CHI,2018,106,4469,105,4469,102,4469,102,4685,117,4130,134,3701,123,3901,127,3887,125,3887
106,104036,JANCARIK Lubomir,M,CZE,2018,107,4451,112,4271,144,3326,142,3383,111,4296,113,4296,111,4296,112,4296,87,5319
107,112600,HUNG Tzu-Hsiang,M,TPE,2018,108,4412,107,4412,123,3782,129,3692,172,2566,156,3126,145,3216,149,3216,183,2226
108,106913,OLIVARES Felipe,M,CHI,2018,109,4410,108,4410,104,4410,108,4573,115,4193,125,3900,114,4190,115,4190,111,4370
109,119873,SUN Chia-Hung,M,TPE,2018,110,4353,89,5118,80,5118,117,4151,145,3295,137,3631,153,3127,159,3070,152,3070
110,103037,GERELL Par,M,SWE,2018,111,4344,96,4794,84,5037,93,5037,89,5037,93,4947,88,4947,92,4947,117,4137
111,118886,MATSUYAMA Yuki,M,JPN,2018,112,4312,110,4312,105,4312,97,4885,110,4356,127,3894,165,2784,136,3573,169,2583
112,108742,SKACHKOV Kirill,M,RUS,2018,113,4280,100,4685,96,4685,75,5923,57,6873,60,6873,59,6873,60,6873,57,7143
113,111115,AGUIRRE Marcelo,M,PAR,2018,114,4203,135,3573,130,3573,148,3210,116,4149,117,4149,102,4529,106,4529,97,4866
114,113329,LAKATOS Tamas,M,HUN,2018,115,4179,101,4584,98,4584,101,4707,124,3913,140,3552,135,3552,137,3552,133,3687
115,116798,POLANSKY Tomas,M,CZE,2018,116,4166,126,3866,120,3866,147,3257,153,3028,159,3028,156,3028,162,3028,178,2353
116,102486,EL-BEIALI Mohamed,M,EGY,2018,117,4140,116,4155,109,4185,105,4648,102,4528,107,4528,146,3203,151,3208,146,3208
117,118761,ZHOU Yu,M,CHN,2018,118,4131,153,3051,151,3051,100,4740,96,4740,87,5280,63,6360,43,8049,48,8049
118,111286,POWELL David,M,AUS,2018,119,4128,117,4128,110,4128,118,4128,129,3804,131,3804,128,3804,130,3804,126,3804
119,108066,RUMGAY Gavin,M,SCO,2018,120,4067,118,4067,111,4067,133,3628,144,3338,151,3202,138,3415,141,3415,136,3595
120,119316,CIFUENTES Horacio,M,ARG,2018,121,4002,120,4002,113,4002,120,4107,119,4006,119,4006,113,4206,114,4206,107,4536
121,114856,LANDRIEU Andrea,M,FRA,2018,122,3992,141,3419,146,3236,121,4079,112,4259,130,3809,171,2573,143,3305,131,3695
122,119566,YANG Heng-Wei,M,TPE,2018,123,3973,121,3973,114,3973,138,3478,203,2127,154,3162,182,2322,185,2364,224,1719
123,115680,SAKAI Asuka,M,JPN,2018,124,3972,122,3972,166,2745,169,2745,197,2205,195,2205,416,630,420,630,411,630
124,109546,TREGLER Tomas,M,CZE,2018,125,3909,124,3909,116,3909,114,4315,120,3999,120,3999,117,3999,119,3999,149,3144
125,107456,PLATONOV Pavel,M,BLR,2018,126,3908,137,3528,132,3528,136,3574,138,3508,155,3147,151,3147,155,3147,135,3642
126,115449,LEVENKO Andreas,M,AUT,2018,127,3867,125,3867,119,3867,112,4476,108,4386,105,4541,122,3912,125,3912,114,4182
127,110002,WANG Zengyi,M,POL,2018,128,3810,127,3810,121,3810,157,3000,191,2250,192,2250,184,2250,189,2250,187,2160
128,103202,GORAK Daniel,M,POL,2018,129,3780,129,3780,124,3780,149,3150,221,1900,262,1450,252,1450,261,1450,267,1360
129,106298,MONTEIRO Thiago,M,BRA,2018,130,3776,134,3641,129,3641,122,4067,128,3848,114,4253,105,4453,108,4453,98,4861
130,120850,OIKAWA Mizuki,M,JPN,2018,131,3771,130,3771,125,3714,103,4672,77,5797,74,5887,75,5752,76,6045,78,5775
131,112446,HACHARD Antoine,M,FRA,2018,132,3765,146,3372,148,3219,146,3265,132,3671,122,3974,177,2501,180,2501,166,2681
132,101192,BOBOCICA Mihai,M,ITA,2018,133,3752,143,3392,139,3392,107,4574,97,4710,99,4710,96,4710,91,4990,88,5304
133,121582,LIN Yun-Ju,M,TPE,2018,134,3748,114,4243,108,4243,80,5538,65,6231,54,7266,52,7356,36,8574,43,8214
134,114973,KHANIN Aliaksandr,M,BLR,2018,135,3745,128,3790,122,3790,125,3857,122,3968,123,3968,119,3968,122,3968,102,4708
135,115928,CHOE Il,M,PRK,2018,136,3679,131,3679,126,3679,130,3679,182,2319,186,2319,154,3039,160,3059,200,2000
136,111033,MATSUDAIRA Kenji,M,JPN,2018,137,3657,132,3657,127,3657,156,3047,139,3453,157,3108,167,2658,172,2658,273,1308
137,113689,ROBINOT Alexandre,M,FRA,2018,138,3656,133,3656,128,3656,128,3725,134,3635,114,4253,112,4253,113,4253,100,4750
138,105497,LIVENTSOV Alexey,M,RUS,2018,139,3626,113,4256,107,4256,92,5045,92,4909,89,5224,86,5224,88,5224,91,5134
139,118851,KOZUL Deni,M,SLO,2018,140,3578,159,2948,157,2948,141,3387,109,4383,111,4383,109,4383,110,4403,112,4358
140,113317,DEVOS Robin,M,BEL,2018,141,3575,123,3935,115,3935,116,4161,113,4236,116,4236,126,3876,128,3876,116,4146
141,115866,TANVIRIYAVECHAKUL Padasak,M,THA,2018,142,3560,136,3560,131,3560,131,3637,198,2193,183,2373,181,2373,184,2373,154,2983
142,101711,CHIANG Hung-Chieh,M,TPE,2018,143,3485,138,3485,136,3428,140,3428,140,3424,144,3424,133,3649,186,2353,201,1993
143,111669,PANG Xue Jie,M,SGP,2018,144,3473,139,3473,134,3473,160,2932,214,1987,214,1987,275,1312,287,1255,281,1255
144,115561,PARK Jeongwoo,M,KOR,2018,145,3432,140,3432,135,3432,172,2712,228,1812,230,1812,401,687,406,687,396,687
145,107762,RECH DALDOSSO Marco,M,ITA,2018,146,3395,142,3395,138,3395,135,3598,155,2942,168,2806,164,2806,170,2806,162,2806
146,100486,ALTO Gaston,M,ARG,2018,147,3391,144,3391,140,3391,134,3607,174,2556,174,2556,166,2756,183,2396,177,2396
147,112261,KENJAEV Zokhid,M,UZB,2018,148,3379,145,3379,141,3379,143,3379,171,2579,174,2556,172,2556,173,2613,160,2838
148,113395,CHEW Zhe Yu Clarence,M,SGP,2018,149,3350,148,3350,145,3293,144,3293,159,2863,165,2863,204,1963,213,1906,207,1906
149,114716,ECSEKI Nandor,M,HUN,2018,150,3312,160,2907,158,2907,161,2907,114,4218,129,3857,127,3857,129,3857,115,4172
150,107578,PROKOPCOV Dmitrij,M,CZE,2018,151,3255,162,2862,160,2862,192,2322,268,1392,354,942,342,942,344,942,499,417
151,101979,CRISAN Adrian,M,ROU,2018,152,3229,149,3229,147,3229,173,2709,135,3615,138,3615,134,3615,135,3615,123,3910
152,116424,LAMADRID Juan,M,CHI,2018,153,3187,150,3187,149,3187,132,3629,146,3241,170,2722,147,3192,153,3192,167,2652
153,115392,TROMER Laurens,M,NED,2018,154,3162,167,2757,165,2757,163,2791,148,3166,153,3166,150,3166,154,3166,144,3323
154,106151,MINO Alberto,M,ECU,2018,155,3084,154,3039,152,3039,151,3096,127,3878,142,3472,121,3938,118,4015,119,4015
155,105339,LI ^ Ping,M,QAT,2018,156,3069,152,3069,228,1719,195,2282,184,2282,188,2282,220,1802,225,1802,269,1352
156,100439,SALEH Ahmed,M,EGY,2018,157,3030,151,3075,142,3375,123,3915,123,3940,124,3940,120,3940,123,3940,143,3400
157,117862,GLOD Eric,M,LUX,2018,158,3022,158,2955,156,2955,150,3112,175,2535,176,2535,173,2535,177,2535,156,2962
158,117312,ISHIY Vitor,M,BRA,2018,159,3013,157,2968,155,2968,126,3844,142,3371,147,3371,118,3978,121,3978,121,3978
159,120168,GUNDUZ Ibrahim,M,TUR,2018,160,2978,156,2978,154,2978,159,2955,133,3655,136,3655,132,3655,116,4152,139,3470
160,106848,OBESLO Michal,M,CZE,2018,161,2939,182,2489,179,2489,182,2489,176,2489,211,1993,200,1993,205,1993,263,1378
161,120947,WISUTMAYTHANGKOON Supanut,M,THA,2018,162,2897,166,2762,164,2762,158,2999,161,2845,149,3250,142,3250,147,3250,122,3913
162,115000,AFANADOR Brian,M,PUR,2018,163,2820,161,2865,159,2865,162,2885,189,2258,218,1962,144,3240,133,3720,130,3720
163,113450,TORANZOS Alejandro,M,PAR,2018,164,2790,163,2790,162,2790,164,2790,180,2398,182,2398,169,2598,174,2598,168,2598
164,116820,PARK Ganghyeon,M,KOR,2018,165,2781,164,2781,163,2781,165,2781,192,2241,193,2241,221,1791,443,552,231,1632
165,105609,LUNDQVIST Jens,M,SWE,2018,166,2769,187,2319,185,2319,193,2319,223,1869,224,1869,210,1869,216,1869,190,2139
166,105928,MATSUMOTO Cazuo,M,BRA,2018,167,2741,168,2741,167,2741,167,2764,178,2409,224,1869,210,1869,216,1869,211,1869
167,112445,BROSSIER Benjamin,M,FRA,2018,168,2737,186,2332,184,2332,190,2344,186,2275,189,2275,295,1185,297,1190,328,980
168,101480,CANTERO Jesus,M,ESP,2018,169,2731,147,3361,143,3361,127,3811,141,3416,145,3416,137,3416,120,3996,120,3996
169,104359,KARAKASEVIC Aleksandar,M,SRB,2018,170,2730,188,2280,186,2280,196,2280,236,1670,236,1670,228,1670,231,1670,220,1805
170,111884,SEO Hyundeok,M,KOR,2018,171,2646,170,2646,169,2646,174,2646,183,2286,187,2286,214,1836,448,540,445,540
171,115828,WEBER Lionel,M,SUI,2018,172,2618,171,2618,150,3068,154,3068,130,3803,132,3803,129,3803,131,3803,127,3803
172,119800,TAKAMI Masaki,M,JPN,2018,173,2592,172,2592,170,2592,175,2626,166,2672,152,3189,148,3189,148,3246,145,3216
173,119543,RYUZAKI Tonin,M,JPN,2018,173,2592,172,2592,170,2592,177,2592,170,2592,171,2592,578,342,582,342,796,102
174,117002,SEYFRIED Joe,M,FRA,2018,175,2591,174,2591,172,2591,171,2714,186,2275,173,2578,198,2005,203,2005,182,2245
175,100234,AL-ABBAD Abdulaziz,M,KSA,2018,176,2579,175,2579,237,1634,245,1634,315,1117,386,801,488,441,499,441,483,441
176,111826,MACHI Asuka,M,JPN,2018,177,2532,178,2532,175,2532,152,3092,136,3588,139,3588,179,2463,181,2463,306,1113
177,117800,KANG Wi Hun,M,PRK,2018,179,2509,179,2509,177,2509,180,2509,237,1669,237,1669,229,1669,233,1669,488,430
178,104760,KOJIC Frane,M,CRO,2018,180,2492,198,2132,196,2132,202,2209,158,2873,172,2580,170,2580,175,2580,158,2895
179,109002,STOYANOV Niagol,M,ITA,2018,181,2479,181,2494,176,2524,137,3551,107,4435,100,4705,104,4479,97,4849,96,4939
180,113376,ALKHADRAWI Ali,M,KSA,2018,182,2431,183,2431,217,1846,227,1846,276,1351,281,1328,353,908,354,908,344,908
181,112284,MCBEATH David,M,ENG,2018,183,2413,165,2773,161,2818,190,2344,215,1983,215,1983,203,1983,208,1983,205,1958
182,111287,TOWNSEND Kane,M,AUS,2018,184,2392,185,2392,182,2392,188,2392,216,1973,217,1973,222,1748,227,1748,222,1748
183,114848,ALLEGRO Martin,M,BEL,2018,185,2359,184,2404,181,2404,170,2720,143,3351,146,3395,139,3395,142,3395,134,3680
184,117330,WU ^ Jiaji,M,DOM,2018,186,2342,237,1667,235,1667,238,1724,218,1927,219,1927,326,1027,323,1047,318,1047
185,117894,ZHOLUDEV Denis,M,KAZ,2018,187,2341,191,2221,189,2221,185,2424,247,1542,251,1542,242,1542,247,1542,276,1302
186,118889,ISMAILOV Sadi,M,RUS,2018,188,2337,193,2180,191,2180,183,2473,156,2924,162,2924,158,2924,166,2924,153,2984
187,119877,PENG Wang-Wei,M,TPE,2018,189,2273,189,2273,187,2273,199,2250,193,2229,141,3489,149,3174,123,3940,165,2748
188,113676,ANGLES Enzo,M,FRA,2018,190,2262,240,1632,238,1632,307,1182,234,1701,234,1701,225,1701,165,2940,208,1890
189,116658,LI ^ Ahmet,M,TUR,2018,192,2205,192,2205,190,2205,214,2045,252,1505,253,1525,418,625,419,635,410,635
190,114860,MAJOROS Bence,M,HUN,2018,193,2197,190,2242,188,2242,194,2299,99,4611,103,4611,99,4611,103,4611,104,4611
191,120074,MLADENOVIC Luka,M,LUX,2018,194,2193,208,2043,204,2043,181,2493,204,2089,202,2089,192,2089,196,2089,189,2141
192,115029,LIND Anders,M,DEN,2018,195,2171,176,2576,173,2576,178,2576,118,4047,118,4047,116,4047,117,4047,110,4382
193,112073,BRODD Viktor,M,SWE,2018,196,2161,231,1711,229,1711,239,1711,169,2613,199,2117,190,2117,195,2117,239,1547
194,108480,SEREDA Peter,M,SVK,2018,197,2154,196,2154,194,2154,210,2154,212,2006,244,1600,236,1600,242,1600,246,1510
195,114005,KRASTEV Petyo,M,BUL,2018,198,2140,197,2140,195,2140,247,1621,330,1043,337,1020,327,1020,329,1020,324,990
196,116321,GALVANO Nicolas,M,ARG,2018,199,2132,209,2042,205,2042,201,2222,239,1661,239,1661,248,1481,256,1481,255,1481
197,121042,PLETEA Cristian,M,ROU,2018,200,2118,194,2163,192,2163,250,1611,167,2654,190,2271,183,2271,188,2271,180,2271
198,114410,RANEFUR Elias,M,SWE,2018,201,2116,199,2116,197,2116,211,2136,173,2565,163,2905,159,2905,167,2905,221,1755
199,100829,BAIBULDIN Andrei,M,RUS,2018,202,2111,200,2111,198,2111,266,1412,284,1262,350,946,339,946,341,946,334,946
200,104087,JEAN Lauric,M,BEL,2018,203,2110,201,2110,199,2110,197,2267,200,2165,229,1826,217,1826,222,1826,214,1841
201,101400,BUROV Viacheslav,M,RUS,2018,204,2095,202,2095,200,2095,222,1912,219,1912,257,1506,317,1056,320,1056,271,1326
202,133319,YANG Xinyu,M,AZE,2018,205,2085,203,2085,201,2085,213,2085,205,2085,203,2085,224,1725,228,1725,223,1725
203,107272,PEREIRA Andy,M,CUB,2018,205,2085,203,2085,201,2085,189,2361,160,2856,166,2856,162,2856,140,3416,142,3416
204,113251,FLORITZ ^^ Philipp,M,BUL,2018,207,2074,207,2044,203,2074,198,2266,246,1545,394,756,381,756,384,756,375,771
205,111512,GONZALEZ Daniel,M,PUR,2018,208,2056,210,2026,206,2026,204,2206,260,1438,266,1438,256,1438,215,1878,210,1878
206,122777,UDA Yukiya,M,JPN,2018,209,2050,206,2050,210,1936,176,2612,151,3041,110,4411,108,4411,89,5214,109,4404
207,117003,CASSIN Alexandre,M,FRA,2018,210,2035,205,2080,183,2380,187,2400,163,2806,148,3256,141,3256,145,3256,155,2971
208,116213,VILCHEZ Miguel,M,ESP,2018,211,2023,216,1888,212,1888,267,1400,280,1345,355,939,344,939,346,939,338,939
209,101545,CAZACU Alexandru,M,ROU,2018,212,2007,212,1962,215,1872,229,1826,229,1803,232,1803,219,1803,224,1803,260,1398
210,121412,XUE Fei,M,CHN,2018,213,2004,155,2994,153,2994,155,3051,150,3051,133,3726,130,3726,132,3783,171,2568
211,113563,OMOTAYO Olajide,M,NGR,2018,213,2004,211,2004,207,2004,215,2044,179,2399,181,2399,199,1999,204,1999,203,1981
212,105666,MACHADO Carlos,M,ESP,2018,215,1985,214,1955,209,1955,209,2155,201,2155,197,2155,187,2155,192,2155,188,2155
213,121588,YANG Tzu-Yi,M,TPE,2018,216,1960,213,1960,208,1960,219,1960,250,1530,216,1980,233,1620,238,1620,324,990
214,114868,GOMMERS Rajko,M,NED,2018,217,1947,226,1782,222,1782,232,1782,208,2052,207,2052,196,2052,199,2052,195,2052
215,107138,PAPAGEORGIOU Konstantinos,M,GRE,2018,218,1900,215,1900,211,1900,220,1957,227,1832,228,1832,216,1832,221,1832,218,1832
216,101674,CHEN Weixing,M,AUT,2018,219,1884,217,1884,224,1770,234,1770,251,1520,255,1520,244,1520,251,1520,244,1520
217,109151,TABACHNIK Pablo,M,ARG,2018,220,1876,218,1876,213,1876,223,1876,249,1540,252,1540,205,1930,210,1930,206,1930
218,123720,NGUYEN Anh Tu,M,VIE,2018,221,1875,219,1875,214,1875,226,1875,220,1910,223,1910,227,1685,230,1685,226,1685
219,100982,BAUM Patrick,M,GER,2018,222,1869,220,1869,257,1419,203,2208,195,2208,247,1578,238,1578,243,1598,235,1598
220,121474,LEONG Chee Feng,M,MAS,2018,223,1861,221,1861,216,1861,272,1365,242,1630,231,1810,218,1810,223,1810,219,1810
221,118671,RASMUSSEN Tobias,M,DEN,2018,224,1837,222,1815,218,1815,212,2108,226,1834,227,1834,215,1834,220,1834,217,1834
222,107570,PRYSHCHEPA Yevhen,M,UKR,2018,225,1810,195,2155,193,2155,184,2471,162,2842,167,2842,163,2842,169,2842,147,3202
223,124576,SIDORENKO Vladimir,M,RUS,2018,226,1804,228,1759,225,1759,243,1669,177,2415,179,2415,180,2415,182,2415,173,2550
224,117336,JIN Takuya,M,JPN,2018,227,1800,223,1800,219,1800,231,1800,230,1800,184,2340,441,540,428,597,301,1137
225,104514,KHEROUF Sami,M,ALG,2018,227,1800,223,1800,219,1800,223,1876,210,2031,209,2031,197,2031,200,2051,196,2051
226,120318,POH Shao Feng Ethan,M,SGP,2018,229,1793,225,1793,221,1793,234,1770,270,1375,249,1555,239,1555,245,1575,237,1590
227,100817,BAGGALEY Andrew,M,ENG,2018,230,1780,227,1780,223,1780,233,1780,295,1194,301,1194,385,744,420,630,406,645
228,118072,FRANCO Carlos,M,ESP,2018,231,1759,245,1579,244,1579,253,1579,206,2068,205,2068,194,2068,197,2072,193,2072
229,120683,BAI ^ He,M,SVK,2018,232,1733,229,1748,226,1748,237,1748,231,1771,269,1411,260,1411,265,1411,374,781
230,114717,SZUDI Adam,M,HUN,2018,233,1728,230,1728,227,1728,236,1762,154,2953,161,2953,157,2953,164,2953,157,2953
231,119584,ULUCAK Batuhan,M,TUR,2018,235,1701,234,1701,232,1701,286,1295,300,1170,305,1170,382,750,385,750,378,750
232,110615,ZIBRAT Jan,M,SLO,2018,236,1679,235,1679,232,1701,218,1994,276,1351,279,1351,270,1351,275,1351,348,901
233,105082,LASHIN El-Sayed,M,EGY,2018,237,1675,236,1675,234,1675,242,1675,326,1075,328,1075,314,1075,317,1075,313,1075
234,114838,ZATOWKA Patryk,M,POL,2018,238,1666,231,1711,229,1711,261,1462,254,1487,322,1081,311,1081,314,1081,327,983
235,113679,BOULOUSSA Mehdi,M,FRA,2018,238,1666,242,1621,240,1621,247,1621,238,1667,238,1667,230,1667,234,1667,291,1172
236,107071,PAIKOV Mikhail,M,RUS,2018,240,1657,238,1657,241,1600,303,1207,377,777,308,1157,299,1157,302,1157,308,1082
237,132237,RO Kwang Jin,M,PRK,2018,241,1643,239,1643,236,1643,244,1643,383,743,398,743,273,1329,269,1386,407,643
238,104462,KEINATH Thomas,M,SVK,2018,242,1625,244,1580,243,1580,252,1600,279,1350,389,779,583,329,627,272,603,287
239,121492,WANG Tai-Wei,M,TPE,2018,243,1622,241,1622,239,1622,312,1126,353,902,273,1372,347,922,348,922,340,922
240,101514,CARVALHO Diogo,M,POR,2018,244,1621,246,1576,245,1576,207,2182,196,2207,194,2207,185,2207,171,2667,170,2577
241,110888,ARVIDSSON Simon,M,SWE,2018,245,1611,302,1161,312,1104,325,1104,248,1541,220,1924,207,1924,211,1924,204,1969
242,133694,TOGAMI Shunsuke,M,JPN,2018,246,1589,243,1589,242,1589,249,1612,202,2131,241,1635,232,1650,231,1670,320,1040
243,123729,ZHAI ^^ Yujia,M,DEN,2018,247,1576,177,2566,174,2566,153,3086,149,3086,126,3896,124,3896,126,3896,124,3896
244,116262,MEDJUGORAC Marko,M,CAN,2018,248,1561,255,1494,253,1494,258,1494,224,1849,226,1846,212,1846,218,1846,212,1846
245,105937,MATTENET Adrien,M,FRA,2018,249,1560,584,390,760,180,773,180,676,180,722,180,710,180,712,180,675,180
246,112075,SODERLUND Hampus,M,SWE,2018,250,1556,247,1556,246,1556,254,1576,244,1622,254,1524,243,1524,250,1524,243,1524
247,106948,BEN ARI Omri,M,ISR,2018,251,1545,248,1545,247,1545,256,1545,207,2055,206,2055,195,2055,198,2055,194,2055
248,123478,AHMADIAN Amin,M,IRI,2018,252,1539,249,1539,248,1539,259,1493,335,1023,293,1223,287,1223,292,1223,285,1223
249,120865,IVONIN Denis,M,RUS,2018,253,1533,308,1128,307,1128,455,632,375,793,391,770,378,770,381,770,382,740
250,114247,WANG ^ Eugene,M,CAN,2018,254,1530,250,1530,249,1530,216,2026,188,2266,191,2266,350,916,351,916,343,916
251,112121,CAMPOS Jorge,M,CUB,2018,254,1530,250,1530,249,1530,241,1683,213,1993,211,1993,200,1993,190,2223,184,2223
252,113926,MIKUTIS Tomas,M,LTU,2018,256,1518,252,1518,251,1518,346,999,305,1146,312,1146,303,1146,306,1146,290,1191
253,123682,THAKKAR Manav Vikash,M,IND,2018,257,1509,253,1509,350,924,556,451,447,489,243,1615,235,1615,229,1692,230,1647
254,108295,SANTOS Emil,M,DOM,2018,258,1500,254,1500,252,1500,240,1686,181,2336,185,2336,189,2126,187,2326,179,2326
255,112738,ANDERSSON Harald,M,SWE,2018,259,1485,329,1035,328,1035,262,1461,217,1957,245,1597,237,1597,244,1597,297,1147
256,113916,PFEFFER Simon,M,AUT,2018,260,1473,256,1443,256,1428,217,2014,165,2736,177,2510,176,2510,179,2510,185,2210
257,114063,OOSTWOUDER Ewout,M,NED,2018,261,1449,274,1300,272,1300,283,1300,233,1718,198,2145,188,2145,193,2145,173,2550
258,120224,SIPOS Rares,M,ROU,2018,262,1443,256,1443,254,1443,335,1071,312,1119,407,713,395,713,400,713,292,1163
259,102242,DIDUKH Oleksandr,M,UKR,2018,262,1443,263,1398,262,1398,268,1398,262,1421,357,925,346,925,347,925,367,835
260,115063,BERGLUND Simon,M,SWE,2018,264,1442,336,992,334,992,348,992,262,1421,270,1398,261,1398,267,1398,260,1398
261,108602,SHING Yoshua,M,VAN,2018,265,1440,258,1440,255,1440,263,1440,302,1166,283,1308,276,1308,280,1308,273,1308
262,106049,MENGE Gencay,M,TUR,2018,266,1413,259,1413,258,1413,269,1390,326,1075,328,1075,314,1075,317,1075,313,1075
263,110727,HIRANO Yuki,M,JPN,2018,267,1407,260,1407,259,1407,260,1464,222,1870,180,2410,223,1735,152,3199,118,4099
264,109499,TORIOLA Segun,M,NGR,2018,268,1400,262,1400,261,1400,166,2774,157,2884,164,2884,161,2884,168,2884,140,3424
265,106784,NOROOZI Afshin,M,IRI,2018,269,1397,264,1397,267,1340,277,1340,285,1250,288,1285,280,1285,286,1285,279,1285
266,107324,PETO Zsolt,M,SRB,2018,271,1393,345,958,343,958,359,958,412,615,427,615,421,615,425,615,411,630
267,110410,YOSHIDA Kaii,M,JPN,2018,272,1375,266,1375,264,1375,270,1375,270,1375,272,1375,263,1375,270,1375,264,1375
268,133662,KARALI Naim,M,ALG,2018,273,1365,287,1245,286,1245,294,1245,287,1245,290,1245,891,75,881,75,848,75
269,123846,KORIYAMA Hokuto,M,JPN,2018,273,1365,324,1065,324,1065,395,840,580,300,374,886,361,886,363,886,353,886
270,111216,MUTTI Leonardo,M,ITA,2018,275,1361,261,1406,260,1406,265,1426,299,1176,304,1176,296,1176,299,1176,286,1221
271,106777,NORDBERG Hampus,M,SWE,2018,276,1352,356,902,354,902,370,902,353,902,387,796,375,796,378,796,377,751
272,100877,BALL Matthew,M,NZL,2018,277,1350,268,1350,266,1350,276,1350,262,1421,250,1549,241,1549,246,1549,238,1549
273,117001,MARTINEZ Guillermo,M,ESP,2018,278,1345,301,1165,301,1165,311,1142,245,1594,246,1594,268,1354,274,1354,268,1354
274,114976,SHAMRUK Gleb,M,BLR,2018,279,1335,294,1216,292,1216,298,1216,289,1215,295,1215,331,1005,333,1005,332,968
275,121684,JARVIS Tom,M,ENG,2018,280,1330,266,1375,264,1375,270,1375,283,1308,283,1308,276,1308,280,1308,253,1488
276,123971,CHO Daeseong,M,KOR,2018,282,1307,270,1307,269,1307,205,2187,262,1421,221,1915,205,1930,207,1992,202,1992
277,107893,RINIOTIS Anastasios,M,GRE,2018,284,1305,272,1305,270,1305,281,1325,257,1450,262,1450,252,1450,261,1450,258,1450
278,111219,UDRA Alfredas,M,LTU,2018,285,1302,273,1302,271,1302,366,919,424,556,435,556,433,556,439,556,432,571
279,113478,ONAOLAPO Ojo,M,NGR,2018,286,1300,274,1300,272,1300,283,1300,329,1050,332,1050,400,690,405,690,715,150
280,122852,CHEONG Chi Cheng,M,MAC,2018,287,1290,276,1290,275,1290,287,1290,326,1075,328,1075,314,1075,317,1075,313,1075
281,117032,GANDHI Sarthak,M,IND,2018,288,1285,277,1285,276,1285,384,879,371,856,380,856,367,856,369,856,477,450
282,103093,GILABERT Rodrigo,M,ARG,2018,289,1277,278,1277,277,1277,288,1277,353,902,363,902,355,902,357,902,504,406
283,111514,GALVEZ Samuel,M,DOM,2018,290,1275,279,1275,278,1275,289,1276,258,1446,264,1446,254,1446,249,1526,242,1526
284,116530,ORT Kilian,M,GER,2018,291,1274,288,1244,288,1229,230,1805,210,2031,221,1915,208,1915,212,1915,215,1840
285,115548,LI Hon Ming,M,HKG,2018,292,1262,281,1262,279,1262,221,1938,190,2254,160,2974,174,2524,178,2524,176,2524
286,112599,YEH Chih-Wei,M,TPE,2018,293,1261,282,1261,280,1261,425,721,540,361,596,315,845,90,823,110,870,65
287,120698,DELA PENA Alfred,M,NZL,2018,294,1260,283,1260,281,1260,290,1260,293,1203,299,1203,292,1203,296,1203,288,1203
288,120154,BADOWSKI Marek,M,POL,2018,296,1255,280,1270,272,1300,334,1074,235,1685,268,1414,259,1414,264,1414,181,2269
289,122388,KANAMITSU Koyo,M,JPN,2018,297,1250,285,1250,283,1250,274,1353,269,1376,278,1353,269,1353,266,1410,423,600
290,120851,TSUBOI Yuma,M,JPN,2018,299,1227,290,1227,299,1170,440,687,253,1499,258,1499,247,1499,255,1499,358,869
291,100079,ABIODUN Bode,M,NGR,2018,300,1220,292,1220,290,1220,296,1220,266,1415,267,1415,258,1415,263,1415,354,875
292,111971,MAMIA Thameur,M,TUN,2018,302,1215,295,1215,293,1215,278,1336,274,1361,276,1361,266,1361,272,1365,266,1365
293,109188,TAKAKIWA Taku,M,JPN,2018,302,1215,295,1215,293,1215,300,1215,289,1215,295,1215,289,1215,293,1215,349,900
294,112952,ALEXANDROV Teodor,M,BUL,2018,305,1194,299,1194,297,1194,305,1194,332,1038,339,1015,330,1015,332,1015,428,580
295,115874,HAIQAL Muhamad Ashraf,M,MAS,2018,306,1186,300,1186,298,1186,439,690,309,1125,256,1508,246,1508,254,1508,248,1508
296,106542,NAGY Krisztian,M,HUN,2018,306,1186,303,1156,302,1156,302,1213,297,1190,302,1190,294,1190,297,1190,299,1145
297,113914,CHEN Alexander,M,AUT,2018,308,1181,298,1196,296,1196,246,1625,194,2219,211,1993,200,1993,205,1993,225,1716
298,110602,ZHMUDENKO Yaroslav,M,UKR,2018,309,1180,291,1225,289,1225,255,1564,255,1470,259,1470,249,1470,258,1470,228,1650
299,119092,BERTRAND Irvin,M,FRA,2018,310,1172,309,1127,308,1127,456,631,949,23,496,429,492,429,504,429,489,429
300,121408,LIU Dingshuo,M,CHN,2018,311,1170,169,2700,168,2700,168,2757,164,2757,169,2757,140,3297,85,5436,85,5436
301,120313,SAMBE Kohei,M,JPN,2018,311,1170,359,900,357,900,298,1216,318,1105,233,1735,280,1285,276,1342,209,1882
302,114715,QIU Dang,M,GER,2018,313,1151,304,1151,303,1151,228,1839,225,1839,248,1568,209,1883,214,1883,161,2828
303,112417,FLORAS Robert,M,POL,2018,314,1150,305,1150,304,1150,338,1037,333,1037,489,451,484,451,495,451,504,406
304,116926,AJI Donny,M,INA,2018,315,1145,306,1145,305,1145,310,1145,436,510,447,530,447,530,454,530,450,530
305,131717,ZHAO ^^ Tianming,M,POR,2018,316,1126,316,1081,316,1081,327,1081,320,1081,322,1081,510,406,518,406,504,406
306,119927,LOTFIJANABADI Miad,M,IRI,2018,316,1126,307,1141,306,1141,306,1184,461,464,480,464,318,1050,321,1050,250,1500
307,109064,SULTAN Godfrey,M,SEY,2018,318,1125,310,1125,309,1125,313,1125,306,1135,313,1135,981,23,968,23,933,23
308,122940,TIO Nicholas,M,USA,2018,318,1125,310,1125,309,1125,313,1125,304,1148,309,1148,300,1148,303,1148,294,1148
309,121693,SGOUROPOULOS Ioannis,M,GRE,2018,320,1115,323,1070,323,1070,336,1070,259,1445,265,1445,255,1445,257,1475,256,1475
310,114457,IDOWU Saheed,M,CGO,2018,321,1111,313,1111,311,1111,179,2537,152,3032,158,3032,155,3032,161,3032,159,2852
311,115019,NOVOTA Samuel,M,SVK,2018,322,1082,326,1052,315,1082,323,1105,256,1455,261,1455,251,1455,260,1455,259,1425
312,118023,CABRERA Adrian,M,ECU,2018,323,1080,317,1080,317,1080,328,1080,321,1080,324,1080,312,1080,315,1080,310,1080
313,131477,NYOH OFON Derek,M,CMR,2018,323,1080,317,1080,317,1080,328,1080,321,1080,324,1080,954,38,941,38,901,38
314,112677,RAMEEZ Muhammad,M,PAK,2018,323,1080,317,1080,317,1080,328,1080,397,680,410,680,587,320,590,320,569,320
315,122225,BENTANCOR Martin,M,ARG,2018,323,1080,317,1080,317,1080,328,1080,321,1080,324,1080,312,1080,315,1080,310,1080
316,110367,YEFIMOV Viktor,M,UKR,2018,323,1080,233,1710,231,1710,326,1103,346,946,350,946,339,946,341,946,356,871
317,115100,VALUCH Alexander,M,SVK,2018,329,1075,328,1045,327,1045,257,1518,362,898,430,582,426,582,430,582,418,612
318,119585,YIGENLER Abdullah,M,TUR,2018,330,1057,314,1102,313,1102,343,1012,281,1317,282,1317,274,1317,278,1317,278,1295
319,114960,REITSPIES David,M,CZE,2018,331,1044,315,1089,314,1089,251,1608,286,1248,289,1248,284,1248,289,1248,249,1503
320,105032,LAKEEV Vasily,M,RUS,2018,332,1036,327,1051,326,1051,472,601,415,601,697,195,684,195,687,195,649,195
321,122425,LY Edward,M,CAN,2018,335,1020,331,1020,330,1020,342,1020,336,1020,337,1020,327,1020,329,1020,322,1020
322,114123,LEE Chia-Sheng,M,TPE,2018,336,1015,332,1015,343,958,409,773,467,457,465,492,455,507,455,527,702,167
323,131375,TANAKA Yuta,M,JPN,2018,338,993,335,993,333,993,465,610,406,633,331,1059,245,1509,253,1509,247,1509
324,121277,ARCE Damian,M,MEX,2018,339,975,337,975,335,975,309,1161,303,1161,307,1161,298,1161,301,1161,293,1161
325,120896,RIOFRIO Emiliano,M,ECU,2018,339,975,337,975,335,975,353,975,337,1000,342,1000,327,1020,329,1020,322,1020
326,117662,CHODRI Kunal,M,USA,2018,339,975,337,975,335,975,353,975,342,975,347,975,336,975,338,975,330,975
327,120052,CABALLERO Carlos,M,ESP,2018,342,969,378,849,377,849,385,872,311,1121,316,1121,343,941,345,941,337,941
328,115134,OLAVE Alfonso,M,CHI,2018,343,968,341,968,339,968,352,976,345,953,349,953,338,953,340,953,333,953
329,111017,RONDON Juan Damian,M,CUB,2018,344,960,342,960,340,960,320,1113,317,1113,320,1113,309,1113,288,1253,282,1253
330,104083,JAYASINGHA Nirmala,M,SRI,2018,344,960,342,960,340,960,357,960,565,320,588,320,587,320,590,320,569,320
331,100154,AGBETOGLO Mawussi,M,TOG,2018,344,960,342,960,340,960,357,960,350,910,359,910,438,550,445,550,443,550
332,103184,GONZALES Richard,M,PHI,2018,347,950,346,950,345,950,361,950,426,555,437,555,435,555,441,555,440,555
333,132583,HAN ^^ Chuanxi,M,POL,2018,348,946,347,946,346,946,355,969,343,969,348,969,337,969,339,969,331,969
334,102272,DINH Quang Linh,M,VIE,2018,350,940,349,940,348,940,363,940,505,405,525,405,522,405,530,405,531,405
335,120314,ABUSEV Artur,M,RUS,2018,351,939,408,729,406,729,340,1022,288,1218,292,1233,286,1233,291,1233,284,1233
336,115118,BU SHULAYBI Abdulaziz,M,KSA,2018,352,935,351,935,367,890,381,890,714,155,764,155,750,155,747,155,710,155
337,120066,KLEIN Dennis,M,GER,2018,353,926,371,881,370,881,372,901,295,1194,309,1148,300,1148,303,1148,294,1148
338,117530,SANCHI Francisco,M,ARG,2018,354,916,352,916,351,916,367,916,492,411,509,411,506,411,516,411,502,411
339,102418,DURAN Marc,M,ESP,2018,355,910,353,910,381,820,397,820,565,320,588,320,587,320,590,320,569,320
340,118847,MANOLE Alexandru,M,ROU,2018,356,909,355,909,353,909,369,909,351,909,360,909,351,909,352,909,415,624
341,106786,NASIRU Kazeem,M,NGR,2018,357,902,356,902,354,902,370,902,353,902,363,902,355,902,357,902,363,856
342,106062,MERZLIKIN Taras,M,RUS,2018,357,902,356,902,354,902,533,496,562,323,605,300,602,300,608,300,675,180
343,115048,CHERNOV Konstantin,M,RUS,2018,359,901,428,676,427,676,481,563,421,563,432,578,575,353,579,353,585,308
344,113761,VILLEGAS Joaquin,M,COL,2018,360,900,359,900,357,900,373,900,357,900,366,900,283,1280,237,1650,228,1650
345,111730,GAVILAN Axel,M,PAR,2018,360,900,359,900,357,900,373,900,316,1115,319,1115,306,1125,309,1125,303,1125
346,121440,MARTINEZ Livan,M,CUB,2018,360,900,359,900,357,900,320,1113,294,1198,300,1198,293,1198,259,1458,257,1458
347,101168,BLAS Bryan,M,PER,2018,360,900,359,900,357,900,373,900,357,900,366,900,271,1340,277,1340,270,1340
348,122607,HIDALGO Rodrigo,M,PER,2018,360,900,359,900,357,900,373,900,357,900,366,900,348,920,349,920,341,920
349,119424,ALGUETTI Adar,M,USA,2018,360,900,359,900,357,900,373,900,357,900,366,900,357,900,359,900,349,900
350,118009,VILLA Ricardo,M,MEX,2018,360,900,359,900,357,900,337,1053,267,1393,235,1699,226,1699,202,2009,199,2009
351,121179,ALGUETTI Sharon,M,USA,2018,360,900,359,900,357,900,373,900,357,900,366,900,357,900,359,900,349,900
352,114035,ROBINSON Ashley,M,IRL,2018,369,895,353,910,352,910,368,910,493,410,510,410,507,410,517,410,503,410
353,123282,KATSMAN Lev,M,RUS,2018,370,887,426,692,425,692,667,286,595,286,625,286,617,286,621,286,605,286
354,111091,CHANG Hoi Wa,M,MAC,2018,371,885,370,885,369,885,383,885,856,75,900,75,891,75,881,75,848,75
355,117604,HAZIN Jeremy,M,CAN,2018,372,870,373,870,372,870,387,870,369,870,378,870,365,870,367,870,357,870
356,109691,VAINULA Vallot,M,EST,2018,373,865,374,865,373,865,388,865,580,300,453,510,453,510,461,510,456,510
357,114622,BATKHISHIG Bilegt,M,MGL,2018,375,855,376,855,375,855,390,855,856,75,900,75,891,75,881,75,848,75
358,117903,RANASINGHA Imesh,M,SRI,2018,376,850,377,850,376,850,392,850,451,475,469,475,467,475,476,475,467,475
359,113332,SZITA Marton,M,HUN,2018,377,845,369,890,367,890,381,890,380,765,393,765,380,765,383,765,893,45
360,104827,KOSIBA Daniel,M,HUN,2018,379,835,372,880,371,880,264,1433,298,1183,303,1183,386,733,389,733,407,643
361,123300,ROLLAND Jules,M,FRA,2018,380,826,437,646,437,646,446,669,478,429,382,835,370,835,373,835,367,835
362,122327,PASSARA Pattaratorn,M,THA,2018,382,818,382,818,382,818,385,872,506,402,388,785,376,785,379,785,373,785
363,112950,KODJABASHEV Denislav,M,BUL,2018,383,813,383,813,383,813,398,813,573,313,622,290,614,290,618,290,586,305
364,103159,GOLOVANOV Stanislav,M,BUL,2018,385,803,385,803,385,803,399,803,367,873,376,873,363,873,365,873,236,1593
365,113433,MOYA Manuel,M,CHI,2018,386,796,386,796,386,796,351,982,486,421,502,421,498,421,509,421,494,421
366,122299,NEGARA Muhammad,M,INA,2018,387,795,387,795,387,795,400,795,856,75,845,110,833,110,823,110,791,110
367,106127,LAKSHITHA Milinda,M,SRI,2018,387,795,387,795,387,795,400,795,856,75,900,75,891,75,881,75,848,75
368,124553,WAHID Habibie,M,INA,2018,387,795,387,795,387,795,400,795,856,75,900,75,891,75,881,75,848,75
369,122307,BHAGWANI Deepash,M,INA,2018,387,795,387,795,387,795,400,795,711,160,722,180,710,180,712,180,675,180
370,119532,YU Ziyang,M,CHN,2018,391,789,380,834,379,834,380,891,363,891,372,891,257,1431,158,3120,151,3120
371,121558,WANG Chuqin,M,CHN,2018,391,789,180,2499,178,2499,145,3288,137,3538,97,4888,92,4888,93,4945,95,4945
372,117345,ZHOU Kai,M,CHN,2018,391,789,391,789,391,789,405,789,376,789,210,2004,160,2904,134,3693,132,3693
373,116846,ERIKSSON Anders,M,SWE,2018,394,788,392,788,392,788,406,788,393,714,345,984,334,984,336,984,326,984
374,114323,ALDMAISY Zeyad,M,JOR,2018,395,777,393,777,411,720,426,720,610,240,642,240,633,240,641,240,622,240
375,119199,ARTEMENKO Nikita,M,RUS,2018,396,774,394,774,393,774,413,751,415,601,428,601,422,601,426,601,422,601
376,119021,FENG Yijun,M,USA,2018,401,765,399,765,398,765,412,765,600,273,599,308,576,346,580,346,560,346
377,131156,ABDULWAHHAB Mohammed,M,QAT,2018,402,762,400,762,424,705,322,1108,418,568,395,748,383,748,386,748,379,748
378,103723,HOWIESON Craig,M,SCO,2018,403,755,454,605,453,605,471,605,435,515,450,515,450,515,459,515,455,515
379,111827,CREPULJA Bojan,M,SRB,2018,404,750,401,750,399,750,414,750,366,875,375,875,362,875,364,875,354,875
380,122122,EVANS Callum,M,WAL,2018,404,750,433,660,433,660,448,660,421,563,434,563,431,563,436,563,435,563
381,102994,GAVLAS Antonin,M,CZE,2018,408,744,404,744,402,744,417,744,879,68,922,68,913,68,903,68,901,38
382,113501,DAHER Juan,M,ARG,2018,409,743,405,743,403,743,419,743,676,180,722,180,710,180,712,180,675,180
383,132239,KIM Hyong Jin,M,PRK,2018,409,743,405,743,403,743,419,743,383,743,398,743,240,1553,241,1610,359,867
384,132366,IGARASHI Fumiya,M,JPN,2018,413,722,411,722,409,722,424,722,539,362,593,316,593,316,598,316,577,316
385,119603,HUANG Chien-Tu,M,TPE,2018,414,721,412,721,410,721,533,496,365,879,285,1305,368,855,370,855,364,855
386,108189,SALAZAR Jonathan,M,COL,2018,416,720,414,720,411,720,426,720,387,720,401,720,389,720,393,720,386,720
387,134403,SMITH Glenn,M,DOM,2018,416,720,414,720,411,720,426,720,387,720,401,720,389,720,393,720,386,720
388,133777,GONZALEZ Camilo,M,COL,2018,416,720,414,720,411,720,426,720,387,720,401,720,389,720,393,720,386,720
389,103329,GUTIERREZ Allan,M,GUA,2018,416,720,350,939,349,939,364,939,344,964,291,1240,285,1240,238,1620,232,1620
390,110912,RIVERA Mauricio,M,COL,2018,416,720,414,720,411,720,426,720,387,720,401,720,389,720,393,720,386,720
391,124509,MORENO Benicio,M,PAR,2018,416,720,414,720,411,720,426,720,387,720,401,720,389,720,393,720,386,720
392,112713,MONTUFAR Kevin,M,GUA,2018,416,720,340,969,338,969,355,969,310,1124,280,1337,272,1337,235,1657,227,1657
393,120207,FERNANDEZ Favert,M,COL,2018,416,720,414,720,411,720,426,720,387,720,401,720,389,720,393,720,386,720
394,110674,ABO YAMAN Zaid,M,JOR,2018,416,720,414,720,411,720,408,777,405,637,421,637,413,637,418,637,409,637
395,114143,ROUINTANESFAHANI Mohammadali,M,IRI,2018,416,720,414,720,411,720,407,786,883,66,927,66,918,66,908,66,869,66
396,134097,ARAYA Daniel,M,CRC,2018,416,720,410,723,408,723,423,723,386,723,362,906,354,906,355,906,345,906
397,120282,BERNADET Antoine,M,CAN,2018,431,713,440,638,440,638,454,638,370,863,379,863,366,863,368,863,361,863
398,102983,GATICA Hector,M,GUA,2018,432,695,333,1001,331,1001,344,1001,348,931,356,931,345,931,279,1311,272,1311
399,114719,SPELBUS Alin,M,ROU,2018,433,691,437,646,437,646,452,646,402,654,418,654,409,654,413,654,482,444
400,117871,VENDE Gael,M,SUI,2018,434,690,464,570,463,570,477,570,449,480,467,480,465,480,474,480,465,480
401,132883,KIM Song Gun,M,PRK,2018,435,676,428,676,427,676,441,676,398,676,411,676,280,1285,282,1305,414,629
402,132238,RO Hyon Song,M,PRK,2018,435,676,428,676,427,676,441,676,398,676,411,676,388,722,392,722,889,46
403,115249,BIENATIKI Christ,M,CGO,2018,437,675,431,675,431,675,445,675,487,420,503,420,500,420,511,420,497,420
404,114020,OCONNOR Miikka,M,FIN,2018,439,660,477,540,474,540,488,540,596,285,626,285,618,285,622,285,606,285
405,116818,KIM Minhyeok,M,KOR,2018,442,654,435,654,435,654,208,2164,243,1624,204,2074,192,2089,150,3214,128,3769
406,116841,STANKEVICIUS Medardas,M,LTU,2018,443,641,439,641,439,641,453,641,330,1043,334,1043,320,1043,324,1043,319,1043
407,124527,ISHIDA Carlos,M,BRA,2018,444,632,436,647,436,647,449,655,395,701,855,92,843,92,836,92,802,92
408,131143,MURZIN Vitalii,M,RUS,2018,444,632,441,632,441,632,449,655,401,655,417,655,408,655,412,655,404,655
409,106095,MICHELY Gilles,M,LUX,2018,446,630,442,630,442,630,457,630,648,215,683,215,671,215,677,215,640,215
410,123080,LEVCHENKO Gennadiy,M,UZB,2018,448,625,444,625,443,625,458,625,696,170,746,170,733,170,732,170,696,170
411,108779,SMIRNOV Aleksandr,M,EST,2018,448,625,444,625,443,625,458,625,580,300,605,300,602,300,608,300,589,300
412,123659,RASSENFOSSE Adrien,M,BEL,2018,450,616,446,616,445,616,461,616,433,526,449,526,449,526,457,526,452,526
413,113917,BAJGER Ondrej,M,CZE,2018,450,616,446,616,445,616,340,1022,394,706,408,706,396,706,401,706,494,421
414,113658,AHMEDOV Ravil,M,TKM,2018,452,615,448,615,447,615,462,615,856,75,900,75,891,75,881,75,848,75
415,101576,RANJANA Chalitha,M,SRI,2018,452,615,448,615,447,615,462,615,856,75,900,75,891,75,881,75,848,75
416,104523,BILLAH Mahbub,M,BAN,2018,452,615,448,615,447,615,462,615,856,75,900,75,891,75,881,75,848,75
417,108728,SIRISENA Rohan,M,SRI,2018,455,610,451,610,450,610,465,610,385,725,400,725,387,725,391,725,385,725
418,121035,NALEPA Kamil,M,POL,2018,458,602,546,452,544,452,1037,54,902,54,969,31,960,31,947,31,912,31
419,114356,CHEN Diogo,M,POR,2018,459,598,455,598,454,598,304,1204,292,1204,298,1204,291,1204,295,1214,287,1214
420,114865,BACIOCCHI Alessandro,M,ITA,2018,462,587,458,587,457,587,347,993,338,993,343,993,332,993,334,993,476,452
421,123305,DE NODREST Leo,M,FRA,2018,463,586,459,586,458,586,467,609,476,437,384,820,372,820,376,820,370,820
422,134443,MIYAMOTO Haruki,M,JPN,2018,466,585,462,585,461,585,349,991,339,991,344,991,333,991,335,991,504,406
423,111959,ASSAR Khalid,M,EGY,2018,466,585,471,555,469,555,473,598,404,646,420,646,412,646,417,646,438,556
424,114353,BENITO Javier,M,ESP,2018,469,579,463,579,462,579,458,625,403,648,419,648,411,648,416,648,405,648
425,120322,PERMAN Oscar,M,SWE,2018,469,579,553,429,551,429,1040,46,949,23,969,31,960,31,947,31,912,31
426,118846,KOTOWSKI Tomasz,M,POL,2018,469,579,531,474,529,474,1001,76,749,124,795,124,783,124,772,124,711,154
427,123976,PARK Gyeongtae,M,KOR,2018,472,570,464,570,463,570,477,570,650,210,685,210,673,210,631,267,613,267
428,121912,GHOSH Arjun,M,IND,2018,473,565,466,565,465,565,1040,46,949,23,593,316,593,316,585,336,565,336
429,119037,DARCIS Thibaut,M,BEL,2018,478,542,472,542,470,542,521,539,541,360,563,360,560,360,565,360,738,135
430,105295,LEWANDOWSKI Tomasz,M,POL,2018,478,542,472,542,470,542,1073,23,949,23,990,23,981,23,968,23,933,23
431,104086,JEAN Gregoire,M,FRA,2018,478,542,472,542,470,542,487,542,427,542,440,542,439,542,446,542,889,46
432,134980,CHEONG Chi Chon,M,MAC,2018,482,540,477,540,474,540,488,540,847,85,893,85,882,85,874,85,839,85
433,115060,TESHABOEV Kutbidillo,M,UZB,2018,482,540,477,540,474,540,488,540,483,426,500,426,496,426,496,446,478,446
434,115791,DOAN Ba Tuan Anh,M,VIE,2018,482,540,477,540,474,540,488,540,696,170,746,170,730,178,729,178,694,178
435,122800,KHADER Khaled,M,JOR,2018,482,540,477,540,474,540,488,540,847,85,893,85,882,85,874,85,839,85
436,118802,SALAMEH Mohammad,M,JOR,2018,482,540,477,540,474,540,488,540,936,25,977,25,968,25,955,25,921,25
437,132179,LOLI Jhon,M,PER,2018,482,540,477,540,474,540,488,540,429,540,442,540,441,540,448,540,445,540
438,118945,AL-MALKI Nawaf,M,QAT,2018,482,540,477,540,474,540,483,560,999,20,1024,20,1019,20,1006,20,977,20
439,104892,KREANGA Kalinikos,M,GRE,2018,482,540,477,540,474,540,1026,57,891,57,935,57,926,57,916,57,877,57
440,131932,CHOONG Javen,M,MAS,2018,482,540,477,540,474,540,488,540,381,745,396,745,384,745,387,745,380,745
441,121514,AN Jaehyun,M,KOR,2018,482,540,477,540,474,540,206,2185,241,1645,201,2095,168,2635,138,3481,138,3481
442,114687,ARINOBU Taimu,M,JPN,2018,482,540,645,300,643,300,653,300,580,300,605,300,602,300,248,1539,240,1539
443,114460,HU Heming,M,AUS,2018,519,530,514,530,511,530,200,2226,185,2281,178,2499,178,2499,176,2556,172,2556
444,117865,PUTUNTICA Andrei,M,MDA,2018,520,527,472,542,470,542,323,1105,307,1128,314,1128,304,1128,307,1128,300,1143
445,122435,SAVILL Luke,M,ENG,2018,521,526,568,406,566,406,577,406,496,406,507,414,504,414,514,414,500,414
446,120300,SERDAROGLU David,M,AUT,2018,522,520,515,520,512,520,365,926,347,934,286,1294,278,1294,284,1294,280,1279
447,120937,PANAGITGUN Yanapong,M,THA,2018,523,519,517,519,514,519,999,80,852,82,557,375,529,390,536,390,536,390
448,105897,MASLOVS Leonids,M,LAT,2018,525,505,515,520,512,520,527,520,578,305,603,305,600,305,606,305,586,305
449,116641,RUIZ Romain,M,FRA,2018,526,497,522,497,519,497,532,497,452,474,922,68,913,68,903,68,933,23
450,116826,KAZEEM Makanjuola,M,NGR,2018,527,496,519,511,516,511,524,534,431,534,446,534,446,534,453,534,430,578
451,111960,LINGEVELDT Kurt,M,RSA,2018,527,496,523,496,520,496,524,534,378,774,390,774,377,774,380,774,384,728
452,117950,ALI Kanate,M,CIV,2018,530,495,525,495,523,495,536,495,443,495,462,495,461,495,471,495,463,495
453,121490,TSAI Chun-Yu,M,TPE,2018,530,495,525,495,523,495,349,991,339,991,341,1011,428,576,433,576,424,591
454,114065,LINDHOLM Eskil,M,NOR,2018,530,495,607,375,604,375,616,375,533,375,437,555,435,555,441,555,440,555
455,108826,SOINE Samuli,M,FIN,2018,530,495,607,375,604,375,616,375,751,120,797,120,785,120,774,120,741,120
456,112663,MAGUIRE Gavin,M,IRL,2018,534,490,527,490,525,490,537,490,717,150,766,150,753,150,750,150,715,150
457,112361,TAUBER Michael,M,ISR,2018,535,488,521,503,518,503,526,526,351,909,360,909,351,909,352,909,339,924
458,102827,FRANKLIN Christopher,M,GUY,2018,536,480,528,480,526,480,538,480,446,490,466,490,686,190,590,320,569,320
459,114734,DURANSPAHIC Admir,M,BIH,2018,536,480,528,480,526,480,538,480,449,480,467,480,465,480,474,480,465,480
460,112077,TRAN Anthony,M,SWE,2018,538,474,553,429,551,429,563,429,478,429,513,406,510,406,518,406,504,406
461,104734,KOBES Kristian,M,SVK,2018,538,474,553,429,551,429,1073,23,949,23,990,23,981,23,968,23,933,23
462,123148,FALANA Tobi,M,NGR,2018,541,473,533,473,531,473,543,473,453,473,470,473,468,473,477,473,504,406
463,123153,HASSAN Nurudeen,M,NGR,2018,541,473,533,473,531,473,543,473,453,473,470,473,468,473,477,473,504,406
464,107791,REINHOLDS Arturs,M,LAT,2018,550,465,528,480,526,480,538,480,555,355,433,565,429,565,434,565,433,565
465,112359,MCCREERY Paul,M,IRL,2018,551,460,542,460,540,460,552,460,379,770,391,770,378,770,381,770,376,770
466,120239,HAMIE Mohamad,M,LBN,2018,551,460,542,460,540,460,552,460,717,150,766,150,753,150,745,160,709,160
467,122426,LIU Victor,M,USA,2018,551,460,542,460,540,460,552,460,751,120,797,120,785,120,774,120,741,120
468,120602,NIKULIN Ivan,M,RUS,2018,554,459,545,459,543,459,541,479,443,495,478,472,631,247,638,247,620,247
469,112452,FUCEC Luka,M,CRO,2018,554,459,531,474,529,474,542,474,674,181,763,158,749,158,746,158,790,113
470,117006,PICCOLIN Jordy,M,ITA,2018,556,452,546,452,544,452,555,452,282,1311,287,1288,279,1288,285,1288,275,1303
471,123281,KAPOLNEK Narayan,M,AUT,2018,556,452,615,362,612,362,590,393,474,439,487,454,483,454,494,454,475,454
472,107026,OVERSJO Mattias,M,SWE,2018,558,451,548,451,546,451,556,451,469,451,953,45,944,45,930,45,893,45
473,104983,KUZMIN Fedor,M,RUS,2018,558,451,568,406,566,406,550,463,462,463,333,1049,319,1049,322,1049,317,1049
474,114389,BRYAN Nigel,M,GUY,2018,560,450,549,450,547,450,558,450,468,454,487,454,751,154,600,314,580,314
475,117073,DALGLEISH Colin,M,SCO,2018,560,450,549,450,547,450,558,450,464,460,482,460,477,460,488,460,471,460
476,121487,LAI Chi-Chien,M,TPE,2018,560,450,549,450,547,450,558,450,470,450,414,673,665,223,639,243,421,603
477,120872,MASIP Joan,M,ESP,2018,560,450,633,330,630,330,438,713,382,744,397,744,430,564,435,564,434,564
478,102247,DIEZ Endika,M,ESP,2018,566,429,553,429,551,429,360,956,341,979,346,979,335,979,337,979,329,979
479,134805,LIN ^^ Xuqi,M,AUS,2018,566,429,553,429,551,429,390,855,372,855,309,1148,300,1148,303,1148,294,1148
480,107506,POPOV Kiril,M,BUL,2018,566,429,553,429,551,429,1073,23,949,23,990,23,981,23,968,23,933,23
481,100900,BARABANOV Kiryl,M,BLR,2018,566,429,553,429,551,429,1073,23,949,23,990,23,981,23,968,23,933,23
482,100302,AL-JADAI Naif,M,KSA,2018,570,425,561,425,559,425,568,425,557,340,581,340,579,340,583,340,563,340
483,120793,GUKHOOL Wasiim,M,MRI,2018,572,420,563,420,561,420,570,420,487,420,503,420,500,420,511,420,497,420
484,108884,SOTO Kevin,M,GUA,2018,572,420,563,420,561,420,570,420,676,180,722,180,710,180,712,180,675,180
485,123257,PALACIOS Daniel,M,ESP,2018,575,413,631,338,628,338,417,744,410,624,425,624,419,624,423,624,415,624
486,122094,MENAND Remi,M,FRA,2018,575,413,746,203,743,203,724,234,464,460,482,460,477,460,488,460,471,460
487,119579,RADOVIC Filip,M,MNE,2018,578,410,567,410,565,410,574,410,473,441,493,441,488,441,499,441,483,441
488,111509,AVI-TAL Omer,M,PAN,2018,578,410,427,689,426,689,394,842,438,507,450,515,450,515,356,905,347,905
489,123175,SOLANKE Azeez,M,NGR,2018,580,406,568,406,566,406,577,406,496,406,513,406,510,406,518,406,504,406
490,114031,ZOVKO Vjekoslav,M,CRO,2018,580,406,568,406,566,406,577,406,490,414,1056,8,1064,8,1076,8,1049,8
491,108758,SLATINSEK Uros,M,SLO,2018,580,406,568,406,566,406,577,406,496,406,513,406,510,406,518,406,504,406
492,112379,CALVO Alejandro,M,ESP,2018,580,406,568,406,566,406,563,429,478,429,496,429,492,429,504,429,489,429
493,116831,HELMY Mahmoud,M,EGY,2018,580,406,568,406,566,406,566,426,483,426,500,426,496,426,508,426,449,539
494,104033,JAMIU Azeez Olugbenga,M,NGR,2018,580,406,568,406,566,406,577,406,496,406,513,406,510,406,518,406,425,586
495,103875,ILLAS Erik,M,SVK,2018,580,406,606,376,603,376,615,376,531,376,555,376,552,376,558,376,566,331
496,116648,WEERASINGHE Helshan,M,ENG,2018,592,405,661,285,658,285,668,285,705,165,755,165,741,165,739,165,703,165
497,113665,BAKIC Luka,M,MNE,2018,593,400,581,400,579,400,588,400,507,400,527,400,523,400,531,400,532,400
498,111591,KELBUGANOV Timur,M,KAZ,2018,593,400,581,400,579,400,575,408,445,494,463,494,462,494,472,494,616,254
499,111696,CORREA Cecilio,M,VEN,2018,593,400,581,400,579,400,588,400,856,75,900,75,882,85,458,525,454,525
500,122277,SORIA Javier,M,ESP,2018,596,390,645,300,643,300,640,323,562,323,586,323,780,143,769,143,735,143
501,121690,PICARD Vincent,M,FRA,2018,596,390,667,270,664,270,674,270,717,150,766,150,753,150,750,150,715,150
502,121687,DOYEN ^^ Antoine,M,POR,2018,596,390,684,240,681,240,693,240,717,150,766,150,753,150,750,150,715,150
503,117849,LUSIN Aleksandr,M,EST,2018,600,385,586,385,583,385,595,385,856,75,900,75,891,75,881,75,848,75
504,101879,COGILL Theo,M,RSA,2018,601,383,587,383,584,383,596,383,460,468,479,468,475,468,484,468,839,85
505,120030,AIYELUMO Olayinka,M,NGR,2018,601,383,587,383,584,383,596,383,512,383,533,383,531,383,537,383,1049,8
506,100601,ANTHONY Gbenga,M,NGR,2018,601,383,587,383,584,383,596,383,512,383,533,383,531,383,537,383,933,23
507,120026,OLADIRAN Joshua,M,NGR,2018,601,383,587,383,584,383,596,383,512,383,533,383,531,383,537,383,504,406
508,123172,OYETAYO Sola,M,NGR,2018,601,383,587,383,584,383,596,383,512,383,533,383,531,383,537,383,504,406
509,131045,ANIMASAHUN Abayomi,M,NGR,2018,601,383,587,383,584,383,596,383,512,383,533,383,531,383,537,383,1049,8
510,124004,OBAYOMI Michael,M,NGR,2018,601,383,587,383,584,383,596,383,512,383,533,383,531,383,537,383,933,23
511,120025,OGINI Olasunkanmi,M,NGR,2018,601,383,587,383,584,383,596,383,512,383,533,383,531,383,537,383,504,406
512,114704,ADEYINKA Hammed,M,NGR,2018,601,383,587,383,584,383,596,383,512,383,533,383,531,383,537,383,459,496
513,100126,ADENIYI Kazeem,M,NGR,2018,601,383,587,383,584,383,596,383,512,383,533,383,531,383,537,383,590,293
514,123128,AKANBI Rilwan,M,NGR,2018,601,383,587,383,584,383,596,383,512,383,533,383,531,383,537,383,504,406
515,131879,SHAH Manush Utpalbhai,M,IND,2018,601,383,587,383,584,383,596,383,512,383,533,383,531,383,537,383,537,383
516,118962,SODERLUND Simon,M,SWE,2018,601,383,797,173,794,173,756,196,419,565,440,542,439,542,446,542,444,542
517,118665,GRININGER Thomas,M,AUT,2018,601,383,587,383,584,383,563,429,373,843,381,851,369,851,371,851,360,866
518,102789,CHAN YOOK FO Brian,M,MRI,2018,621,375,607,375,604,375,593,388,558,333,583,333,581,333,586,333,559,356
519,133318,WANG Chenxi,M,AZE,2018,621,375,607,375,604,375,616,375,533,375,557,375,554,375,560,375,550,375
520,118672,HOHMEIER Nils,M,GER,2018,623,373,612,373,609,373,573,416,474,439,506,416,503,416,513,416,478,446
521,115541,HRISTONOV Hristo,M,CYP,2018,624,370,613,370,610,370,620,370,635,238,666,238,657,238,640,242,621,242
522,111428,KONJIC Edin,M,BIH,2018,625,360,616,360,613,360,624,360,541,360,563,360,560,360,565,360,554,360
523,107707,RAMOS Julian,M,COL,2018,625,360,616,360,613,360,624,360,541,360,563,360,560,360,390,730,383,730
524,120808,YOKOTA Gustavo,M,BRA,2018,625,360,616,360,613,360,624,360,510,391,531,391,528,391,535,391,912,31
525,122095,REMBERT Bastien,M,FRA,2018,625,360,733,210,730,210,741,210,949,23,409,699,397,699,402,699,393,699
526,120857,BOURRASSAUD Florian,M,FRA,2018,625,360,667,270,664,270,674,270,676,180,722,180,710,180,712,180,675,180
527,112125,VILA Isaac,M,DOM,2018,625,360,616,360,613,360,486,546,408,631,423,631,415,631,487,461,470,461
528,101459,CAMERON Niall,M,SCO,2018,625,360,667,270,664,270,674,270,601,270,632,270,623,270,628,270,611,270
529,105801,MANHANI Humberto,M,BRA,2018,641,346,629,346,626,346,484,559,423,559,452,513,452,513,460,513,641,213
530,120674,NAUMI Alex,M,FIN,2018,642,345,678,255,675,255,686,255,417,595,382,835,370,835,373,835,367,835
531,104393,KARTUZOVS Olegs,M,LAT,2018,642,345,630,345,627,345,637,345,556,345,580,345,577,345,581,345,561,345
532,120096,KIPPEL Viggo,M,SWE,2018,645,330,684,240,681,240,693,240,751,120,797,120,785,120,774,120,741,120
533,114712,PETER Ingemar,M,SVK,2018,645,330,763,180,760,180,441,676,398,676,411,676,403,676,407,676,398,676
534,101031,BELKADI Aissa,M,ALG,2018,647,325,634,325,631,325,622,363,661,193,698,193,685,193,689,193,651,193
535,121510,SWARTENBROUCKX Gaetan,M,BEL,2018,648,323,635,323,632,323,640,323,562,323,586,323,585,323,589,323,933,23
536,112451,CIPIN Filip,M,CRO,2018,649,321,659,291,633,321,642,321,560,329,602,306,599,306,605,306,624,231
537,123864,NAYRE Jann Mari,M,PHI,2018,650,320,636,320,634,320,643,320,717,150,766,150,753,150,750,150,715,150
538,118165,PRADELLE Quentin,M,FRA,2018,652,316,638,316,636,316,645,316,570,316,593,316,593,316,598,316,577,316
539,112346,CHOI Wonjin,M,KOR,2018,652,316,638,316,636,316,645,316,949,23,533,383,525,398,533,398,534,398
540,114202,BOURIAH Larbi,M,ALG,2018,657,310,643,310,641,310,650,310,574,310,597,310,596,310,600,314,580,314
541,124435,BERNER Sondre,M,NOR,2018,657,310,728,220,725,220,726,228,637,228,668,228,660,228,667,228,626,228
542,109661,URIBE Salvador,M,MEX,2018,659,305,644,305,642,305,651,305,676,180,722,180,710,180,712,180,675,180
543,132880,HAM Yu Song,M,PRK,2018,660,300,645,300,643,300,653,300,580,300,605,300,585,323,226,1787,254,1487
544,121717,NILSSON Melker,M,SWE,2018,660,300,763,180,760,180,773,180,810,90,857,90,845,90,838,90,803,90
545,121097,LEHMANN Matthew,M,CAN,2018,660,300,717,225,714,225,725,233,715,151,744,176,731,176,730,176,653,191
546,120863,TRAVIN Danila,M,RUS,2018,660,300,763,180,760,180,759,188,663,188,704,188,692,188,695,188,658,188
547,122002,BARDET Lilian,M,FRA,2018,670,293,654,293,652,293,661,293,660,196,528,399,524,399,532,399,533,399
548,121689,LLORCA Damien,M,FRA,2018,670,293,797,173,794,173,804,173,949,23,990,23,981,23,968,23,933,23
549,118875,BRESSAN Luca,M,ITA,2018,670,293,654,293,652,293,661,293,593,293,616,293,608,293,612,293,590,293
550,116839,SIMON Mathan,M,ISR,2018,670,293,654,293,652,293,661,293,374,811,385,811,374,811,377,811,371,811
551,124143,MORRISON Calum,M,SCO,2018,676,290,660,290,657,290,666,290,594,290,622,290,614,290,618,290,602,290
552,107434,PINO Jonathan,M,VEN,2018,677,285,661,285,658,285,668,285,596,285,626,285,891,75,881,75,848,75
553,109521,TOWNSEND Wade,M,AUS,2018,680,282,665,282,662,282,672,282,576,307,600,307,888,82,955,25,921,25
554,118716,MOREGARD Malte,M,SWE,2018,681,278,666,278,663,278,673,278,599,278,629,278,620,278,624,278,608,278
555,131365,SADAMATSU Yusuke,M,JPN,2018,682,270,667,270,664,270,674,270,601,270,632,270,623,270,628,270,411,630
556,113844,MORIMOTO Kohei,M,JPN,2018,682,270,667,270,664,270,674,270,601,270,632,270,623,270,628,270,611,270
557,120073,BALABAN Ademir,M,LUX,2018,682,270,667,270,664,270,674,270,751,120,797,120,785,120,774,120,741,120
558,131441,HAMACHE Bilal,M,FRA,2018,682,270,861,120,857,120,867,120,751,120,797,120,785,120,774,120,741,120
559,131123,SANDSTROM Per,M,SWE,2018,682,270,763,180,760,180,773,180,804,98,624,287,616,287,620,287,603,287
560,123931,GREBNEV Maksim,M,RUS,2018,682,270,667,270,664,270,674,270,810,90,857,90,845,90,838,90,803,90
561,113583,"""O'CONNELL Daniel""",M,WAL,2018,682,270,763,180,760,180,773,180,885,60,929,60,920,60,911,60,872,60
562,113289,BERARDI Mattia,M,SMR,2018,682,270,763,180,760,180,773,180,810,90,857,90,845,90,838,90,803,90
563,117213,WAERSTAD Marcus,M,NOR,2018,692,265,675,265,672,265,682,265,671,183,716,183,704,183,706,183,669,183
564,131376,DEGROS Nicolas,M,BEL,2018,693,263,676,263,673,263,683,263,746,143,793,143,780,143,769,143,735,143
565,123766,STACEY Joshua,M,WAL,2018,694,260,677,260,674,260,685,260,696,170,746,170,733,170,732,170,696,170
566,119463,KUMAR Nikhil,M,USA,2018,695,255,678,255,675,255,686,255,364,888,373,888,360,888,362,888,352,888
567,104690,KLEPRLIK Jakub,M,CZE,2018,695,255,733,210,730,210,741,210,650,210,685,210,673,210,679,210,561,345
568,110035,WATSON Kane,M,JAM,2018,698,250,681,250,678,250,689,250,1019,10,1048,10,1053,10,1061,10,1034,10
569,135763,WU ^^ Junhan,M,USA,2018,700,240,684,240,681,240,693,240,610,240,642,240,633,240,641,240,622,240
570,118737,LEE Lester,M,CAN,2018,700,240,684,240,681,240,692,248,608,248,640,248,630,248,637,248,1049,8
571,112372,GADIEV Vildan,M,RUS,2018,700,240,684,240,681,240,693,240,367,873,376,873,363,873,365,873,395,693
572,113928,BANKOSZ Michal,M,POL,2018,700,240,684,240,681,240,683,263,605,263,636,263,626,263,632,263,933,23
573,123558,BERGSTROM Emil,M,SWE,2018,700,240,684,240,681,240,693,240,751,120,797,120,785,120,774,120,741,120
574,116470,MA Victor,M,NZL,2018,700,240,684,240,681,240,693,240,610,240,642,240,633,240,633,260,977,20
575,131784,CAVAILLE Jules,M,FRA,2018,700,240,861,120,857,120,867,120,751,120,797,120,785,120,774,120,741,120
576,117340,TAO ^^ Wenzhang,M,USA,2018,700,240,684,240,681,240,693,240,610,240,637,260,627,260,633,260,614,260
577,113134,TENNILA Otto,M,FIN,2018,700,240,861,120,857,120,867,120,464,460,482,460,477,460,488,460,471,460
578,108827,SOINE Toni,M,FIN,2018,700,240,861,120,857,120,867,120,751,120,797,120,785,120,774,120,741,120
579,120053,CASARES Rafael,M,ESP,2018,735,233,852,143,849,143,856,143,949,23,990,23,981,23,968,23,933,23
580,114985,KATIC Ivor,M,SRB,2018,736,225,717,225,714,225,727,225,638,225,671,225,663,225,671,225,631,225
581,119396,MATSUBARA ^ Yutaka,M,CHI,2018,736,225,717,225,714,225,727,225,638,225,671,225,1033,15,1042,15,1013,15
582,123845,WATANABE Yusuke,M,JPN,2018,736,225,717,225,714,225,727,225,638,225,671,225,663,225,671,225,631,225
583,122537,LOCKWARD Mariano,M,DOM,2018,736,225,717,225,714,225,575,408,494,408,511,408,508,408,432,578,430,578
584,101172,BLASZCZYK Lucjan,M,POL,2018,748,210,733,210,730,210,741,210,650,210,685,210,673,210,679,210,642,210
585,135312,SERRANO Leudis,M,CUB,2018,748,210,733,210,730,210,622,363,538,363,562,363,559,363,748,153,712,153
586,121073,GIARDI Federico,M,SMR,2018,748,210,733,210,730,210,741,210,810,90,857,90,845,90,838,90,803,90
587,134353,ANDERSSON David,M,SWE,2018,748,210,733,210,730,210,741,210,810,90,857,90,845,90,838,90,803,90
588,134650,ANDERSSON Anton,M,SWE,2018,748,210,928,90,924,90,934,90,810,90,857,90,845,90,838,90,803,90
589,133031,COURGEON Marc,M,FRA,2018,748,210,861,120,857,120,867,120,751,120,797,120,785,120,774,120,741,120
590,132616,TIAN ^^ Ye,M,USA,2018,748,210,733,210,730,210,741,210,650,210,685,210,673,210,679,210,642,210
591,131426,PETTERSSON Marcus,M,SWE,2018,748,210,861,120,857,120,867,120,751,120,797,120,785,120,774,120,741,120
592,131124,BARIUS Johan,M,SWE,2018,748,210,861,120,857,120,867,120,751,120,797,120,785,120,774,120,741,120
593,121740,KNIGHT Tyrese,M,BAR,2018,748,210,733,210,730,210,594,386,508,396,529,396,526,396,466,496,459,496
594,120232,FUJIMURA Tomoya,M,JPN,2018,748,210,733,210,730,210,741,210,650,210,685,210,673,210,679,210,631,225
595,115521,DOHERTY Sean,M,SCO,2018,748,210,928,90,924,90,934,90,810,90,857,90,845,90,838,90,803,90
596,100939,BARRETO Israel,M,BRA,2018,767,203,746,203,743,203,752,203,659,203,722,180,710,180,712,180,675,180
597,116554,KOPANYI Tomas,M,SVK,2018,767,203,918,113,914,113,866,121,750,121,796,121,784,121,773,121,740,121
598,122674,WETZEL Adrian,M,NOR,2018,771,200,921,110,917,110,921,118,797,118,843,118,831,118,820,118,786,118
599,123023,CNUDDE Florian,M,BEL,2018,775,196,751,196,748,196,738,216,889,59,933,59,924,59,830,99,788,114
600,113681,DIAW Ibrahima,M,FRA,2018,776,193,752,193,749,193,757,193,696,170,746,170,733,170,732,170,845,80
601,112413,SKUCAS Matas,M,LTU,2018,777,188,753,188,750,188,759,188,800,106,847,106,835,106,826,106,793,106
602,122064,KOLODZIEJCZYK Maciej,M,AUT,2018,777,188,1011,68,1007,68,933,91,879,68,922,68,913,68,903,68,933,23
603,135793,PELLNY ^^ Thomas,M,GER,2018,782,180,763,180,760,180,773,180,676,180,722,180,710,180,712,180,675,180
604,135744,XU ^^ Jiwei,M,USA,2018,782,180,763,180,760,180,773,180,676,180,722,180,710,180,712,180,675,180
605,131114,ALCHIMBAEV Ruslan,M,RUS,2018,782,180,763,180,760,180,773,180,676,180,722,180,710,180,712,180,675,180
606,103165,GOMES Andy,M,ARU,2018,782,180,763,180,760,180,773,180,676,180,722,180,710,180,712,180,675,180
607,115801,ALICIC Armin,M,BIH,2018,782,180,763,180,760,180,773,180,663,188,704,188,692,188,695,188,658,188
608,134416,ARROYO Roger,M,CRC,2018,782,180,762,181,759,181,772,181,674,181,721,181,709,181,711,181,674,181
609,100211,AJULO Olakunle,M,NGR,2018,782,180,763,180,760,180,773,180,541,360,563,360,560,360,565,360,489,429
610,123168,OLORUNTADE Adeola,M,NGR,2018,782,180,763,180,760,180,773,180,541,360,563,360,560,360,565,360,590,293
611,120885,OLUYOMI Salako,M,NGR,2018,782,180,763,180,760,180,773,180,541,360,563,360,560,360,565,360,933,23
612,124022,SANCHEZ ESPINOSA Carlos,M,CUB,2018,782,180,763,180,760,180,639,333,558,333,583,333,581,333,748,153,712,153
613,111498,MARTINEZ Jeison,M,CRC,2018,782,180,614,366,611,366,621,366,536,366,439,552,437,552,443,552,442,552
614,107779,REGENTOV Evgenii,M,RUS,2018,782,180,763,180,760,180,773,180,676,180,722,180,710,180,712,180,675,180
615,102537,ELOI Damien,M,FRA,2018,782,180,763,180,760,180,773,180,676,180,722,180,710,180,712,180,675,180
616,132026,OMEH Amadi,M,NGR,2018,782,180,763,180,760,180,773,180,541,360,563,360,560,360,565,360,504,406
617,123130,AKOMOLAFE Sunday,M,NGR,2018,782,180,763,180,760,180,773,180,541,360,563,360,560,360,565,360,1049,8
618,123121,ABDULLAHI Abdulrahman,M,NGR,2018,782,180,763,180,760,180,773,180,541,360,563,360,560,360,565,360,504,406
619,119381,HERSKIND Micki,M,DEN,2018,782,180,763,180,760,180,773,180,810,90,857,90,845,90,838,90,803,90
620,132656,ZHENG ^^ Pu,M,USA,2018,782,180,763,180,760,180,773,180,676,180,722,180,710,180,712,180,675,180
621,121435,ECHEVARRIA Sebastian,M,PUR,2018,782,180,763,180,760,180,773,180,645,221,678,221,666,221,940,41,899,41
622,134099,PEREZ Jose,M,CRC,2018,782,180,763,180,760,180,773,180,676,180,722,180,710,180,712,180,675,180
623,131442,PEREZ Gabriel,M,PUR,2018,782,180,763,180,760,180,759,188,663,188,704,188,692,188,1076,8,1049,8
624,122051,OYEBODE John,M,ITA,2018,782,180,763,180,760,180,773,180,535,368,560,368,556,368,562,368,1049,8
625,132547,WANG ^ Jinxin,M,USA,2018,782,180,763,180,760,180,773,180,676,180,722,180,710,180,712,180,675,180
626,132289,OJALA Matias,M,FIN,2018,782,180,928,90,924,90,934,90,810,90,857,90,845,90,838,90,803,90
627,131196,PIHKALA Arttu,M,FIN,2018,782,180,928,90,924,90,934,90,810,90,857,90,845,90,838,90,803,90
628,122586,ZHANG ^^ Xiangjing,M,USA,2018,782,180,763,180,760,180,773,180,676,180,722,180,710,180,712,180,675,180
629,122043,FRIIS Martin,M,SWE,2018,782,180,928,90,924,90,934,90,1027,8,1056,8,1064,8,1076,8,1049,8
630,120765,THILLEN Eric,M,LUX,2018,782,180,928,90,924,90,934,90,810,90,857,90,845,90,838,90,803,90
631,115924,SARSEMBAYEV Dias,M,KAZ,2018,782,180,928,90,924,90,934,90,800,106,847,106,835,106,826,106,793,106
632,111935,MIETTINEN Esa,M,FIN,2018,782,180,928,90,924,90,934,90,810,90,857,90,845,90,838,90,803,90
633,109746,VANNUCCI Marco,M,SMR,2018,782,180,928,90,924,90,934,90,810,90,857,90,845,90,838,90,803,90
634,105008,LAANE Lauri,M,EST,2018,782,180,928,90,924,90,934,90,810,90,857,90,845,90,838,90,803,90
635,104214,JORMANAINEN Jani,M,FIN,2018,782,180,928,90,924,90,934,90,810,90,857,90,845,90,838,90,803,90
636,124147,LIMONOV Anton,M,UKR,2018,826,173,797,173,794,173,826,150,717,150,766,150,753,150,750,150,715,150
637,119205,FEDOTOV Petr,M,RUS,2018,826,173,797,173,794,173,485,556,424,556,435,556,433,556,439,556,438,556
638,114007,YIANGOU Yiangos,M,CYP,2018,828,170,801,170,798,170,806,170,696,170,746,170,733,170,732,170,696,170
639,110768,YIANGOU Marios,M,CYP,2018,828,170,801,170,798,170,806,170,696,170,746,170,733,170,691,190,654,190
640,121852,BILAS Arthur,M,BEL,2018,833,166,806,166,803,166,811,166,908,46,990,23,981,23,968,23,933,23
641,121025,PIERAERT Valentin,M,BEL,2018,833,166,806,166,803,166,856,143,949,23,990,23,981,23,968,23,933,23
642,120266,KUCERA Stanislav,M,CZE,2018,833,166,806,166,803,166,758,189,876,69,919,69,910,69,900,69,844,84
643,116697,KALUZNY Samuel,M,SVK,2018,833,166,806,166,803,166,811,166,854,77,946,54,937,54,923,54,618,249
644,121076,KARIN Filip,M,SUI,2018,837,165,810,165,807,165,813,165,705,165,755,165,741,165,739,165,703,165
645,107641,RABINOVICH Shimon,M,ISR,2018,837,165,810,165,807,165,813,165,705,165,755,165,741,165,739,165,703,165
646,104774,KOLAREK Tomislav,M,CRO,2018,839,163,815,163,812,163,817,163,396,682,416,659,407,659,411,659,403,659
647,106366,MOSCOSO Heber,M,GUA,2018,840,155,611,374,608,374,619,374,609,244,464,493,463,493,465,497,458,497
648,135749,JU ^^ Mingwei,M,USA,2018,843,150,818,150,815,150,826,150,717,150,766,150,753,150,750,150,715,150
649,135745,MA ^^ Jinbao,M,USA,2018,843,150,818,150,815,150,826,150,717,150,746,170,733,170,668,227,628,227
650,123090,ALLEYNE Joel,M,GUY,2018,843,150,818,150,815,150,824,151,715,151,765,151,752,151,1137,5,1125,5
651,115232,JIMENEZ Ricardo,M,PUR,2018,843,150,818,150,815,150,826,150,610,240,642,240,633,240,835,94,801,94
652,102367,DOWELL Mark,M,BAR,2018,843,150,818,150,815,150,652,303,576,307,600,307,598,307,485,467,468,467
653,118690,POPOVIC Marko,M,SRB,2018,843,150,818,150,815,150,826,150,717,150,766,150,753,150,750,150,715,150
654,124234,BEREZIN Ilya,M,RUS,2018,843,150,818,150,815,150,826,150,717,150,766,150,753,150,750,150,715,150
655,115575,LIANG ^^ Yonghui,M,USA,2018,843,150,818,150,815,150,826,150,717,150,766,150,753,150,750,150,715,150
656,117648,AVVARI Krishnateja,M,USA,2018,843,150,818,150,815,150,826,150,717,150,766,150,753,150,750,150,715,150
657,113839,TOMLINSON Simon,M,JAM,2018,843,150,818,150,815,150,826,150,711,160,761,160,747,160,1061,10,1034,10
658,114281,WANG Timothy,M,USA,2018,843,150,818,150,815,150,826,150,717,150,766,150,753,150,750,150,715,150
659,121866,DVOYNIKOV Artem,M,RUS,2018,843,150,818,150,815,150,826,150,717,150,766,150,753,150,750,150,715,150
660,131779,GUTIERREZ Marc,M,ESP,2018,843,150,818,150,815,150,804,173,695,173,745,173,732,173,731,173,695,173
661,124378,GODHWANI Aditya,M,USA,2018,843,150,818,150,815,150,826,150,717,150,766,150,753,150,750,150,715,150
662,123019,ANDRAS Csaba,M,HUN,2018,843,150,810,165,807,165,813,165,705,165,755,165,741,165,739,165,703,165
663,134509,WEI ^^ Dianren,M,USA,2018,843,150,818,150,815,150,826,150,717,150,766,150,753,150,750,150,715,150
664,132588,MENG ^^ Lingshuai,M,USA,2018,843,150,818,150,815,150,826,150,717,150,766,150,753,150,750,150,715,150
665,124397,CHEN ^^ Baiyu,M,USA,2018,843,150,818,150,815,150,826,150,717,150,766,150,753,150,732,170,696,170
666,122585,ZHANG Kai,M,USA,2018,843,150,818,150,815,150,826,150,717,150,715,185,703,185,704,185,667,185
667,122503,BRITTON Shemar,M,GUY,2018,843,150,818,150,815,150,824,151,710,161,760,161,741,165,587,325,567,325
668,121226,LIU ^ Dan,M,USA,2018,843,150,818,150,815,150,826,150,717,150,766,150,753,150,750,150,715,150
669,121222,LIANG ^ Jishan,M,USA,2018,843,150,818,150,815,150,826,150,717,150,766,150,753,150,750,150,715,150
670,120099,DILLING Andreas,M,DEN,2018,843,150,818,150,815,150,818,158,902,54,946,54,937,54,923,54,885,54
671,102399,DUBINA Samson,M,USA,2018,843,150,818,150,815,150,826,150,717,150,766,150,753,150,750,150,715,150
672,106394,MOUMJOGHLIAN Avo,M,LBN,2018,878,145,851,145,848,145,855,145,856,75,900,75,891,75,881,75,848,75
673,131128,GRELA Artur,M,POL,2018,879,143,1054,23,1048,23,577,406,478,429,496,429,492,429,504,429,489,429
674,132227,LUSHNIKOV Volodymyr,M,UKR,2018,881,136,854,136,851,136,934,90,810,90,857,90,845,90,838,90,803,90
675,116551,BRAT Adam,M,SVK,2018,882,135,855,135,852,135,818,158,879,68,922,68,913,68,903,68,901,38
676,114049,CITAKU Baton,M,KOS,2018,883,130,857,130,853,130,861,130,885,60,929,60,920,60,911,60,872,60
677,109783,VENTURA DOS ANJOS Bruno,M,BRA,2018,887,120,861,120,857,120,867,120,751,120,797,120,785,120,774,120,741,120
678,133701,KIM Hyunso,M,KOR,2018,887,120,861,120,857,120,867,120,751,120,797,120,785,120,774,120,741,120
679,107771,REED Barney,M,USA,2018,887,120,861,120,857,120,867,120,751,120,797,120,785,120,774,120,741,120
680,135740,ZENG ^^ Deyao,M,USA,2018,887,120,861,120,857,120,867,120,751,120,797,120,785,120,774,120,741,120
681,135762,LE ^^ Tuan Dai,M,USA,2018,887,120,861,120,857,120,867,120,751,120,797,120,785,120,774,120,741,120
682,101677,CHEN Yi-Chieh,M,TPE,2018,887,120,861,120,857,120,867,120,751,120,797,120,785,120,774,120,741,120
683,135803,ZHANG ^^ Yichi,M,CHN,2018,887,120,861,120,857,120,867,120,751,120,797,120,785,120,774,120,741,120
684,135804,NIU ^^ Jiang,M,USA,2018,887,120,861,120,857,120,867,120,751,120,797,120,785,120,774,120,741,120
685,135731,MENG ^^ Xuan,M,USA,2018,887,120,861,120,857,120,867,120,751,120,797,120,785,120,774,120,741,120
686,108434,SEEMILLER Danny,M,USA,2018,887,120,861,120,857,120,867,120,751,120,797,120,785,120,774,120,741,120
687,135769,NARESH Sid,M,USA,2018,887,120,861,120,857,120,867,120,751,120,797,120,785,120,774,120,741,120
688,132571,YU ^^ Di,M,USA,2018,887,120,861,120,857,120,867,120,751,120,797,120,785,120,774,120,741,120
689,135809,IWASAKI ^^ Eiko,M,JPN,2018,887,120,861,120,857,120,867,120,751,120,797,120,785,120,774,120,741,120
690,134447,CARNEY A J ^^  ,M,USA,2018,887,120,861,120,857,120,867,120,751,120,797,120,785,120,774,120,741,120
691,135765,WANG ^^ Cheng,M,USA,2018,887,120,861,120,857,120,867,120,751,120,797,120,785,120,774,120,741,120
692,123743,SICARD Luc,M,CAN,2018,887,120,861,120,857,120,867,120,751,120,797,120,785,120,774,120,741,120
693,133706,PARK Minjun,M,KOR,2018,887,120,861,120,857,120,867,120,751,120,797,120,785,120,774,120,741,120
694,135832,HJORT ^^ Anton,M,SWE,2018,887,120,861,120,857,120,867,120,751,120,797,120,785,120,774,120,741,120
695,122997,YOSHIDA Daisuke,M,JPN,2018,887,120,861,120,857,120,867,120,751,120,797,120,785,120,774,120,741,120
696,131071,VOLIN Lev,M,RUS,2018,887,120,861,120,857,120,867,120,751,120,797,120,785,120,774,120,741,120
697,135460,KOSTOVSKI Petar,M,MKD,2018,887,120,861,120,857,120,867,120,751,120,797,120,785,120,774,120,741,120
698,131446,NARANJO Angel,M,PUR,2018,887,120,861,120,857,120,867,120,751,120,797,120,785,120,774,120,741,120
699,116758,DANI Mudit,M,IND,2018,887,120,861,120,857,120,867,120,751,120,797,120,785,120,774,120,452,526
700,132106,BARRIOS Leonel,M,GUA,2018,887,120,861,120,857,120,867,120,751,120,797,120,785,120,774,120,741,120
701,119523,XIE Tianming,M,USA,2018,887,120,861,120,857,120,867,120,751,120,797,120,785,120,774,120,741,120
702,117120,ROOSE Pontus,M,SWE,2018,887,120,861,120,857,120,867,120,751,120,797,120,785,120,774,120,741,120
703,133042,DE LAS HERAS Rafael,M,ESP,2018,887,120,861,120,857,120,856,143,746,143,793,143,780,143,769,143,735,143
704,133310,NETTARP Bruno,M,SWE,2018,887,120,861,120,857,120,867,120,751,120,797,120,785,120,774,120,741,120
705,122606,KARLSSON Filip,M,SWE,2018,887,120,861,120,857,120,867,120,751,120,797,120,785,120,774,120,741,120
706,122001,DEVOS Laurens,M,BEL,2018,887,120,810,165,807,165,759,188,855,76,899,76,890,76,880,76,847,76
707,121060,BEN-ARI Aviv,M,ISR,2018,887,120,861,120,857,120,867,120,649,213,684,213,672,213,678,213,626,228
708,133379,SABHI Myshaal,M,FRA,2018,887,120,861,120,857,120,867,120,751,120,797,120,785,120,774,120,741,120
709,133367,RAKOTOARIMANANA Fabio,M,FRA,2018,887,120,861,120,857,120,867,120,751,120,797,120,785,120,774,120,741,120
710,133342,DORCESCU Denis,M,FRA,2018,887,120,861,120,857,120,867,120,751,120,797,120,785,120,774,120,741,120
711,131673,OSIRO Pedro,M,SUI,2018,887,120,861,120,857,120,867,120,751,120,797,120,785,120,774,120,741,120
712,123560,KOSOLOSKY Olav,M,BEL,2018,887,120,861,120,857,120,856,143,949,23,990,23,981,23,968,23,933,23
713,123017,BOTH Oliver,M,HUN,2018,887,120,810,165,807,165,813,165,705,165,755,165,741,165,739,165,703,165
714,121166,YEUNG Terence,M,CAN,2018,887,120,861,120,857,120,867,120,745,145,792,145,779,145,768,145,734,145
715,119508,TRAN Michael Minh,M,USA,2018,887,120,861,120,857,120,867,120,751,120,797,120,785,120,774,120,741,120
716,119033,BU Alexander,M,CAN,2018,887,120,861,120,857,120,867,120,751,120,797,120,785,120,774,120,741,120
717,131211,HAUG Borgar,M,NOR,2018,887,120,861,120,857,120,862,128,748,128,582,338,580,338,584,338,564,338
718,121190,CHEN ^^ Bowen,M,USA,2018,887,120,861,120,857,120,867,120,751,120,797,120,785,120,774,120,741,120
719,114874,MAJSTOROVIC Ilija,M,SRB,2018,887,120,993,75,989,75,1002,75,856,75,900,75,891,75,881,75,848,75
720,122044,MOREGARD Truls,M,SWE,2018,944,113,325,1058,325,1058,319,1115,273,1365,275,1365,265,1365,272,1365,250,1500
721,110819,LUPULESKU Lorencio,M,SRB,2018,944,113,1011,68,1007,68,1019,68,851,84,897,84,887,84,878,84,739,129
722,121532,CUNDY Dean,M,WAL,2018,946,110,921,110,917,110,923,110,799,110,845,110,833,110,823,110,791,110
723,133899,SONG Zhuoheng,M,CHN,2018,947,102,923,102,919,102,924,102,803,102,850,102,838,102,829,102,877,57
724,113685,OUAICHE Stephane,M,FRA,2018,947,102,1017,57,1013,57,550,463,462,463,481,463,476,463,486,463,469,463
725,118882,NIELSEN Claus,M,DEN,2018,952,98,927,98,923,98,928,98,804,98,851,98,839,98,831,98,797,98
726,120287,MUTTI Matteo,M,ITA,2018,953,91,1028,46,1024,46,1040,46,592,296,630,273,621,273,625,273,609,273
727,119677,KIM Doyub,M,KOR,2018,953,91,1028,46,1024,46,1040,46,949,23,990,23,981,23,968,23,933,23
728,114437,LUNDSTROM Thomas,M,FIN,2018,955,90,928,90,924,90,934,90,810,90,857,90,845,90,838,90,803,90
729,135685,PERSSON Hilding Totland,M,NOR,2018,955,90,928,90,924,90,934,90,810,90,851,98,839,98,831,98,797,98
730,135258,ANSARI Mahammad Ibrahim,M,AZE,2018,955,90,928,90,924,90,934,90,810,90,857,90,845,90,838,90,803,90
731,135684,FATEHI Vagif,M,AZE,2018,955,90,928,90,924,90,934,90,810,90,857,90,845,90,838,90,803,90
732,135833,SCHOUG ^^ Loa,M,SWE,2018,955,90,928,90,924,90,934,90,810,90,857,90,845,90,838,90,803,90
733,119172,RISSANEN Patrik,M,FIN,2018,955,90,928,90,924,90,934,90,810,90,857,90,845,90,838,90,803,90
734,121867,TIKHONOV Artem,M,RUS,2018,955,90,928,90,924,90,934,90,810,90,857,90,845,90,838,90,803,90
735,133034,GUERRICABEITIA Jon Ander,M,ESP,2018,955,90,928,90,924,90,928,98,804,98,851,98,839,98,831,98,797,98
736,115349,KANT Kristjan,M,EST,2018,955,90,928,90,924,90,934,90,810,90,857,90,845,90,838,90,803,90
737,111828,PETKOV Marko,M,SRB,2018,955,90,928,90,924,90,934,90,509,395,530,395,527,395,534,395,535,395
738,122066,HORT Tomas,M,CZE,2018,955,90,928,90,924,90,934,90,810,90,857,90,845,90,838,90,803,90
739,114403,AUTIO Riku,M,FIN,2018,955,90,928,90,924,90,934,90,810,90,857,90,845,90,838,90,803,90
740,113920,LEBEDA Michal,M,CZE,2018,955,90,928,90,924,90,934,90,810,90,857,90,845,90,838,90,803,90
741,102245,DIELISSEN Marc,M,LUX,2018,955,90,928,90,924,90,934,90,936,25,977,25,968,25,955,25,921,25
742,120117,KRASKOVSKII Aleksandr,M,RUS,2018,955,90,928,90,924,90,934,90,810,90,857,90,845,90,838,90,803,90
743,134582,LEETE Matthew,M,ENG,2018,955,90,928,90,924,90,934,90,810,90,857,90,845,90,838,90,803,90
744,133020,TSCHANZ Cedric,M,SUI,2018,955,90,928,90,924,90,934,90,531,376,555,376,552,376,558,376,549,376
745,131676,GIROD Dorian,M,SUI,2018,955,90,928,90,924,90,934,90,810,90,857,90,845,90,838,90,803,90
746,131438,JENSEN Anton,M,DEN,2018,955,90,928,90,924,90,934,90,810,90,857,90,845,90,838,90,803,90
747,121077,POSCH Lars,M,SUI,2018,955,90,928,90,924,90,934,90,471,446,491,446,486,446,496,446,478,446
748,120320,GULLBO Viktor,M,SWE,2018,955,90,928,90,924,90,934,90,810,90,857,90,845,90,838,90,803,90
749,134200,RODRIGUEZ Ingi Darvis,M,ISL,2018,955,90,928,90,924,90,934,90,810,90,857,90,845,90,838,90,803,90
750,131449,ABRAHAMSSON Theo,M,SWE,2018,955,90,928,90,924,90,934,90,810,90,857,90,845,90,838,90,803,90
751,131440,STEIF Noah,M,FIN,2018,955,90,928,90,924,90,934,90,810,90,857,90,845,90,838,90,803,90
752,131093,GRAU Sergi,M,ESP,2018,955,90,928,90,924,90,928,98,804,98,851,98,839,98,831,98,797,98
753,124132,ULFARSSON Magnus,M,ISL,2018,955,90,928,90,924,90,934,90,810,90,630,273,621,273,625,273,609,273
754,119820,SOW Hamidou,M,SEN,2018,955,90,928,90,924,90,934,90,810,90,857,90,845,90,838,90,803,90
755,122812,CHEANG Tin Ngai,M,MAC,2018,1018,85,984,85,980,85,990,85,936,25,977,25,968,25,955,25,921,25
756,112907,GOTHE Shiva,M,NEP,2018,1026,75,993,75,989,75,1002,75,856,75,900,75,891,75,881,75,848,75
757,108050,ADEMAJ Rrahman,M,KOS,2018,1026,75,993,75,989,75,1002,75,856,75,900,75,891,75,881,75,848,75
758,103585,HETHERINGTON Matthew,M,NZL,2018,1026,75,993,75,989,75,1002,75,856,75,900,75,891,75,881,75,848,75
759,113847,HOTAN Kenji,M,PYF,2018,1026,75,993,75,989,75,1002,75,856,75,900,75,891,75,881,75,848,75
760,108921,ST LOUIS Dexter,M,TTO,2018,1026,75,993,75,989,75,1002,75,847,85,893,85,882,85,874,85,839,85
761,106319,MORA Yohan,M,CUB,2018,1026,75,993,75,989,75,1002,75,856,75,900,75,891,75,881,75,848,75
762,119666,HO Bryan,M,CAN,2018,1026,75,928,90,924,90,934,90,798,115,844,115,832,115,821,115,787,115
763,116916,BEN YAHIA Kerem,M,TUN,2018,1026,75,993,75,989,75,1002,75,636,230,667,230,659,230,666,230,625,230
764,132924,JASAROVIC Alan,M,MNE,2018,1026,75,993,75,989,75,1002,75,856,75,900,75,891,75,881,75,848,75
765,122320,URSU Vladislav,M,MDA,2018,1026,75,993,75,989,75,928,98,800,106,847,106,835,106,826,106,793,106
766,112685,LAWAL Abiodun,M,CGO,2018,1026,75,993,75,989,75,1002,75,439,500,455,500,456,500,463,500,345,906
767,115142,RODRIGUEZ Diego,M,PER,2018,1026,75,993,75,989,75,1002,75,856,75,900,75,482,455,493,455,474,455
768,117031,SRIRAM Sushmit,M,IND,2018,1041,69,1008,69,1004,69,1016,69,908,46,533,383,531,383,537,383,537,383
769,115054,SEMENOV Andrey,M,RUS,2018,1041,69,1008,69,1004,69,932,92,808,92,919,69,910,69,900,69,867,69
770,120267,MARTINKO Jiri,M,CZE,2018,1041,69,1008,69,1004,69,922,115,808,92,855,92,843,92,836,92,714,152
771,122067,AMATO Antonino,M,ITA,2018,1044,68,1011,68,1007,68,1019,68,448,482,485,459,480,459,491,459,365,842
772,102890,GABROVSKI Petko,M,BUL,2018,1044,68,1011,68,1007,68,1019,68,879,68,922,68,913,68,903,68,933,23
773,115825,APOSTOLOSKI Zhivko,M,MKD,2018,1046,60,1015,60,1011,60,1023,60,885,60,929,60,920,60,911,60,872,60
774,134430,CUBOVIC Branko,M,MNE,2018,1046,60,1015,60,1011,60,1023,60,885,60,929,60,920,60,911,60,872,60
775,134239,NIU Guankai,M,CHN,2018,1048,57,1017,57,1013,57,1026,57,891,57,898,77,889,77,879,77,846,77
776,133790,ZHANG ^^ Shaoping,M,AUS,2018,1048,57,1017,57,1013,57,1026,57,891,57,935,57,926,57,1006,20,977,20
777,131148,XU Yingbin,M,CHN,2018,1048,57,1017,57,1013,57,1026,57,891,57,935,57,926,57,916,57,877,57
778,101511,CARTER Trent,M,AUS,2018,1048,57,1017,57,1013,57,273,1355,275,1355,277,1355,267,1355,283,1298,277,1298
779,123385,BHANJA Ronit,M,IND,2018,1065,45,1037,45,1033,45,1053,45,917,45,953,45,944,45,909,65,420,606
780,132137,CAO Wei,M,CHN,2018,1065,45,1037,45,1033,45,1053,45,917,45,953,45,409,654,413,654,419,609
781,120259,MOLNAR Istvan,M,HUN,2018,1065,45,1111,15,1105,15,1120,15,1009,15,1037,15,1033,15,1042,15,1013,15
782,116848,FRANZEN Alexander,M,SWE,2018,1065,45,1037,45,1033,45,1053,45,917,45,953,45,944,45,930,45,893,45
783,104903,KRISTON Daniel,M,HUN,2018,1065,45,1037,45,1033,45,1053,45,917,45,953,45,944,45,930,45,893,45
784,110924,ARNACHELLUM Allan,M,MRI,2018,1079,35,1052,35,1046,35,1039,48,1013,13,1042,13,1047,13,1056,13,906,36
785,115780,KIM Jin Su,M,PRK,2018,1081,23,1054,23,1048,23,1073,23,949,23,990,23,397,699,402,699,398,676
786,131430,HANSEN Jonathan,M,DEN,2018,1081,23,1054,23,1048,23,1073,23,949,23,990,23,981,23,968,23,933,23
787,123410,GONZALEZ Eduardo,M,ESP,2018,1081,23,1054,23,1048,23,1066,31,929,31,969,31,960,31,947,31,912,31
788,123169,OMOTARA Ayo,M,NGR,2018,1081,23,1054,23,1048,23,1073,23,949,23,990,23,981,23,968,23,504,406
789,120307,RASMUSSEN Kasper,M,DEN,2018,1081,23,1054,23,1048,23,1073,23,949,23,990,23,981,23,968,23,933,23
790,114873,NAD NEMEDI Valentin,M,SRB,2018,1081,23,1049,38,1043,38,1022,61,884,61,928,61,919,61,910,61,871,61
791,121621,SANTOS Vitor,M,BRA,2018,1081,23,1054,23,1048,23,1073,23,927,39,1032,16,1028,16,1037,16,1008,16
792,122683,VALENZUELA David,M,CHI,2018,1081,23,1054,23,1048,23,1040,46,908,46,990,23,981,23,968,23,933,23
793,120640,HAJIEI Arman,M,IRI,2018,1081,23,1054,23,1048,23,1016,69,876,69,951,46,942,46,928,46,889,46
794,123923,PETAS Kacper,M,POL,2018,1081,23,1054,23,1048,23,1066,31,929,31,969,31,960,31,947,31,912,31
795,118701,SFILIGOJ Tom,M,SLO,2018,1081,23,1054,23,1048,23,1073,23,949,23,990,23,981,23,968,23,933,23
796,113341,RADONJIC Vladimir,M,SRB,2018,1081,23,1049,38,1043,38,1063,38,1009,15,1037,15,1033,15,1042,15,1013,15
797,114859,KOVACS Sebestyen,M,HUN,2018,1081,23,1054,23,1048,23,1073,23,1027,8,1056,8,1064,8,1076,8,1049,8
798,123077,RI Kwang Myong,M,PRK,2018,1081,23,1054,23,1048,23,1073,23,949,23,990,23,373,812,375,832,372,809
799,116675,ANGELAKIS Konstantinos,M,GRE,2018,1081,23,1049,38,1043,38,1025,58,890,58,934,58,925,58,915,58,876,58
800,131484,HODAEI Amir Hossein,M,IRI,2018,1081,23,1054,23,1048,23,1073,23,949,23,669,226,661,226,669,226,629,226
801,123924,WALASZEK Przemyslaw,M,POL,2018,1081,23,1054,23,1048,23,1066,31,929,31,969,31,960,31,947,31,912,31
802,122546,TAN Lucas,M,SGP,2018,1081,23,1054,23,1048,23,1073,23,907,48,945,56,936,56,921,56,883,56
803,122387,ASAZU Aoto,M,JPN,2018,1081,23,1054,23,1048,23,1073,23,949,23,990,23,981,23,968,23,933,23
804,120284,SPANIK Tibor,M,SVK,2018,1081,23,1054,23,1048,23,1040,46,666,187,707,187,695,187,697,187,637,217
805,120265,KLOS Patrik,M,CZE,2018,1081,23,1054,23,1048,23,1073,23,949,23,990,23,981,23,968,23,901,38
806,119272,DOSZ Slawomir,M,POL,2018,1081,23,1054,23,1048,23,1073,23,949,23,990,23,981,23,968,23,933,23
807,116838,GIVONE Nolan,M,FRA,2018,1081,23,1054,23,1048,23,1016,69,876,69,919,69,910,69,900,69,867,69
808,123905,ZANDECKI Jan,M,POL,2018,1081,23,1054,23,1048,23,1066,31,902,54,946,54,937,54,923,54,885,54
809,108146,SAHA Sourav,M,IND,2018,1081,23,1054,23,1048,23,1128,8,1005,16,1032,16,1028,16,1037,16,1008,16
810,116547,SHVETC Kirill,M,RUS,2018,1081,23,1054,23,1048,23,1128,8,1027,8,1056,8,1064,8,1076,8,1049,8
811,115545,KWAN Man Ho,M,HKG,2018,1081,23,1054,23,1048,23,528,519,427,542,431,580,427,580,431,580,428,580
812,115438,KULPA Konrad,M,POL,2018,1081,23,1054,23,1048,23,1066,31,929,31,969,31,960,31,947,31,912,31
813,105098,LAVERGNE Paul,M,FRA,2018,1081,23,1054,23,1048,23,1073,23,949,23,990,23,981,23,968,23,933,23
